src_id,dst_id,num_keypoints_src,num_keypoints_dst,raw_matches,good_matches,num_inliers,homography_valid,opencv_match_confidence,sensor_yaw_delta,visual_rotation_estimate,reprojection_error,rotation_residual,rotation_class
C001,C001,500,500,500,500,500,True,3.0,0.0,0.0,0.0,0.0,ROTATION_CONSISTENT
C001,C002,500,500,29,29,29,True,1.7365269461077846,4.2,-2.48,11.06,6.68,ROTATION_CONSISTENT
C001,C003,500,500,27,27,26,True,1.6149068322981366,8.5,-9.71,97.92,18.21,ROTATION_SUSPICIOUS
C001,C004,500,500,8,8,8,True,0.7692307692307692,19.9,-20.53,107.16,40.43,ROTATION_INVALID
C001,C005,500,500,3,3,0,False,0.0,24.8,0.0,0.0,0.0,ROTATION_INVALID
C001,C006,500,500,0,0,0,False,0.0,32.4,0.0,0.0,0.0,ROTATION_INVALID
C001,C007,500,500,0,0,0,False,0.0,42.4,0.0,0.0,0.0,ROTATION_INVALID
C001,C008,500,500,0,0,0,False,0.0,50.6,0.0,0.0,0.0,ROTATION_INVALID
C001,C009,500,500,0,0,0,False,0.0,57.3,0.0,0.0,0.0,ROTATION_INVALID
C001,C010,500,500,0,0,0,False,0.0,65.9,0.0,0.0,0.0,ROTATION_INVALID
C001,C011,500,500,0,0,0,False,0.0,71.8,0.0,0.0,0.0,ROTATION_INVALID
C001,C012,500,500,0,0,0,False,0.0,76.1,0.0,0.0,0.0,ROTATION_INVALID
C001,C013,500,500,0,0,0,False,0.0,82.1,0.0,0.0,0.0,ROTATION_INVALID
C001,C014,500,500,0,0,0,False,0.0,92.7,0.0,0.0,0.0,ROTATION_INVALID
C001,C015,500,500,0,0,0,False,0.0,106.1,0.0,0.0,0.0,ROTATION_INVALID
C001,C016,500,500,0,0,0,False,0.0,111.4,0.0,0.0,0.0,ROTATION_INVALID
C001,C017,500,500,0,0,0,False,0.0,117.3,0.0,0.0,0.0,ROTATION_INVALID
C001,C018,500,500,0,0,0,False,0.0,127.7,0.0,0.0,0.0,ROTATION_INVALID
C001,C019,500,500,0,0,0,False,0.0,134.3,0.0,0.0,0.0,ROTATION_INVALID
C001,C020,500,500,0,0,0,False,0.0,143,0.0,0.0,0.0,ROTATION_INVALID
C001,C021,500,500,0,0,0,False,0.0,154.2,0.0,0.0,0.0,ROTATION_INVALID
C001,C022,500,500,0,0,0,False,0.0,168.8,0.0,0.0,0.0,ROTATION_INVALID
C001,C023,500,500,0,0,0,False,0.0,-175.5,0.0,0.0,0.0,ROTATION_INVALID
C001,C024,500,500,0,0,0,False,0.0,-170.6,0.0,0.0,0.0,ROTATION_INVALID
C001,C025,500,500,0,0,0,False,0.0,-165.2,0.0,0.0,0.0,ROTATION_INVALID
C001,C026,500,500,0,0,0,False,0.0,-160.4,0.0,0.0,0.0,ROTATION_INVALID
C001,C027,500,500,0,0,0,False,0.0,-148.5,0.0,0.0,0.0,ROTATION_INVALID
C001,C028,500,500,0,0,0,False,0.0,-138.9,0.0,0.0,0.0,ROTATION_INVALID
C001,C029,500,500,0,0,0,False,0.0,-129.3,0.0,0.0,0.0,ROTATION_INVALID
C001,C030,500,500,0,0,0,False,0.0,-121.2,0.0,0.0,0.0,ROTATION_INVALID
C001,C031,500,500,0,0,0,False,0.0,-105.7,0.0,0.0,0.0,ROTATION_INVALID
C001,C032,500,500,0,0,0,False,0.0,-95.8,0.0,0.0,0.0,ROTATION_INVALID
C001,C033,500,500,0,0,0,False,0.0,-89.2,0.0,0.0,0.0,ROTATION_INVALID
C001,C034,500,500,0,0,0,False,0.0,-85,0.0,0.0,0.0,ROTATION_INVALID
C001,C035,500,500,0,0,0,False,0.0,-80.8,0.0,0.0,0.0,ROTATION_INVALID
C001,C036,500,500,1,1,0,False,0.0,-73.6,0.0,0.0,0.0,ROTATION_INVALID
C001,C037,500,500,0,0,0,False,0.0,-65,0.0,0.0,0.0,ROTATION_INVALID
C001,C038,500,500,0,0,0,False,0.0,-56.5,0.0,0.0,0.0,ROTATION_INVALID
C001,C039,500,500,0,0,0,False,0.0,-46.6,0.0,0.0,0.0,ROTATION_INVALID
C001,C040,500,500,0,0,0,False,0.0,-36.4,0.0,0.0,0.0,ROTATION_INVALID
C001,C041,500,500,0,0,0,False,0.0,-27.4,0.0,0.0,0.0,ROTATION_INVALID
C001,C042,500,500,0,0,0,False,0.0,-19.1,0.0,0.0,0.0,ROTATION_INVALID
C001,C043,500,500,0,0,0,False,0.0,-9.6,0.0,0.0,0.0,ROTATION_INVALID
C002,C001,500,500,29,29,29,True,1.7365269461077846,-4.2,2.47,11.11,6.67,ROTATION_CONSISTENT
C002,C002,500,500,500,500,500,True,3.0,0.0,0.0,0.0,0.0,ROTATION_CONSISTENT
C002,C003,500,500,44,44,42,True,1.9811320754716981,4.3,-7.85,52.88,12.15,ROTATION_SUSPICIOUS
C002,C004,500,500,11,11,11,True,0.9734513274336283,15.7,-13.54,68.12,29.24,ROTATION_SUSPICIOUS
C002,C005,500,500,7,7,7,True,0.6930693069306931,20.6,-22.76,168.46,43.36,ROTATION_INVALID
C002,C006,500,500,1,1,0,False,0.0,28.2,0.0,0.0,0.0,ROTATION_INVALID
C002,C007,500,500,0,0,0,False,0.0,38.2,0.0,0.0,0.0,ROTATION_INVALID
C002,C008,500,500,0,0,0,False,0.0,46.4,0.0,0.0,0.0,ROTATION_INVALID
C002,C009,500,500,0,0,0,False,0.0,53.1,0.0,0.0,0.0,ROTATION_INVALID
C002,C010,500,500,0,0,0,False,0.0,61.7,0.0,0.0,0.0,ROTATION_INVALID
C002,C011,500,500,0,0,0,False,0.0,67.6,0.0,0.0,0.0,ROTATION_INVALID
C002,C012,500,500,0,0,0,False,0.0,71.9,0.0,0.0,0.0,ROTATION_INVALID
C002,C013,500,500,0,0,0,False,0.0,77.9,0.0,0.0,0.0,ROTATION_INVALID
C002,C014,500,500,0,0,0,False,0.0,88.5,0.0,0.0,0.0,ROTATION_INVALID
C002,C015,500,500,0,0,0,False,0.0,101.9,0.0,0.0,0.0,ROTATION_INVALID
C002,C016,500,500,0,0,0,False,0.0,107.2,0.0,0.0,0.0,ROTATION_INVALID
C002,C017,500,500,0,0,0,False,0.0,113.1,0.0,0.0,0.0,ROTATION_INVALID
C002,C018,500,500,0,0,0,False,0.0,123.5,0.0,0.0,0.0,ROTATION_INVALID
C002,C019,500,500,0,0,0,False,0.0,130.1,0.0,0.0,0.0,ROTATION_INVALID
C002,C020,500,500,0,0,0,False,0.0,138.8,0.0,0.0,0.0,ROTATION_INVALID
C002,C021,500,500,0,0,0,False,0.0,150.0,0.0,0.0,0.0,ROTATION_INVALID
C002,C022,500,500,0,0,0,False,0.0,164.6,0.0,0.0,0.0,ROTATION_INVALID
C002,C023,500,500,0,0,0,False,0.0,-179.7,0.0,0.0,0.0,ROTATION_INVALID
C002,C024,500,500,0,0,0,False,0.0,-174.8,0.0,0.0,0.0,ROTATION_INVALID
C002,C025,500,500,0,0,0,False,0.0,-169.4,0.0,0.0,0.0,ROTATION_INVALID
C002,C026,500,500,0,0,0,False,0.0,-164.6,0.0,0.0,0.0,ROTATION_INVALID
C002,C027,500,500,0,0,0,False,0.0,-152.7,0.0,0.0,0.0,ROTATION_INVALID
C002,C028,500,500,0,0,0,False,0.0,-143.1,0.0,0.0,0.0,ROTATION_INVALID
C002,C029,500,500,0,0,0,False,0.0,-133.5,0.0,0.0,0.0,ROTATION_INVALID
C002,C030,500,500,0,0,0,False,0.0,-125.4,0.0,0.0,0.0,ROTATION_INVALID
C002,C031,500,500,0,0,0,False,0.0,-109.9,0.0,0.0,0.0,ROTATION_INVALID
C002,C032,500,500,0,0,0,False,0.0,-100.0,0.0,0.0,0.0,ROTATION_INVALID
C002,C033,500,500,0,0,0,False,0.0,-93.4,0.0,0.0,0.0,ROTATION_INVALID
C002,C034,500,500,0,0,0,False,0.0,-89.2,0.0,0.0,0.0,ROTATION_INVALID
C002,C035,500,500,0,0,0,False,0.0,-85.0,0.0,0.0,0.0,ROTATION_INVALID
C002,C036,500,500,0,0,0,False,0.0,-77.8,0.0,0.0,0.0,ROTATION_INVALID
C002,C037,500,500,0,0,0,False,0.0,-69.2,0.0,0.0,0.0,ROTATION_INVALID
C002,C038,500,500,0,0,0,False,0.0,-60.7,0.0,0.0,0.0,ROTATION_INVALID
C002,C039,500,500,0,0,0,False,0.0,-50.8,0.0,0.0,0.0,ROTATION_INVALID
C002,C040,500,500,0,0,0,False,0.0,-40.6,0.0,0.0,0.0,ROTATION_INVALID
C002,C041,500,500,0,0,0,False,0.0,-31.6,0.0,0.0,0.0,ROTATION_INVALID
C002,C042,500,500,0,0,0,False,0.0,-23.3,0.0,0.0,0.0,ROTATION_INVALID
C002,C043,500,500,0,0,0,False,0.0,-13.8,0.0,0.0,0.0,ROTATION_INVALID
C003,C001,500,500,27,27,26,True,1.6149068322981366,-8.5,9.54,147.35,18.04,ROTATION_SUSPICIOUS
C003,C002,500,500,44,44,42,True,1.9811320754716981,-4.3,8.2,62.9,12.5,ROTATION_SUSPICIOUS
C003,C003,500,500,500,500,500,True,3.0,0.0,0.0,0.0,0.0,ROTATION_CONSISTENT
C003,C004,500,500,23,23,23,True,1.5436241610738257,11.4,-8.97,72.57,20.37,ROTATION_SUSPICIOUS
C003,C005,500,500,4,4,0,False,0.0,16.3,0.0,0.0,0.0,ROTATION_INVALID
C003,C006,500,500,5,5,0,False,0.0,23.9,0.0,0.0,0.0,ROTATION_INVALID
C003,C007,500,500,5,5,0,False,0.0,33.9,0.0,0.0,0.0,ROTATION_INVALID
C003,C008,500,500,5,5,0,False,0.0,42.1,0.0,0.0,0.0,ROTATION_INVALID
C003,C009,500,500,2,2,0,False,0.0,48.8,0.0,0.0,0.0,ROTATION_INVALID
C003,C010,500,500,0,0,0,False,0.0,57.4,0.0,0.0,0.0,ROTATION_INVALID
C003,C011,500,500,0,0,0,False,0.0,63.3,0.0,0.0,0.0,ROTATION_INVALID
C003,C012,500,500,0,0,0,False,0.0,67.6,0.0,0.0,0.0,ROTATION_INVALID
C003,C013,500,500,0,0,0,False,0.0,73.6,0.0,0.0,0.0,ROTATION_INVALID
C003,C014,500,500,0,0,0,False,0.0,84.2,0.0,0.0,0.0,ROTATION_INVALID
C003,C015,500,500,0,0,0,False,0.0,97.6,0.0,0.0,0.0,ROTATION_INVALID
C003,C016,500,500,0,0,0,False,0.0,102.9,0.0,0.0,0.0,ROTATION_INVALID
C003,C017,500,500,0,0,0,False,0.0,108.8,0.0,0.0,0.0,ROTATION_INVALID
C003,C018,500,500,0,0,0,False,0.0,119.2,0.0,0.0,0.0,ROTATION_INVALID
C003,C019,500,500,0,0,0,False,0.0,125.8,0.0,0.0,0.0,ROTATION_INVALID
C003,C020,500,500,0,0,0,False,0.0,134.5,0.0,0.0,0.0,ROTATION_INVALID
C003,C021,500,500,0,0,0,False,0.0,145.7,0.0,0.0,0.0,ROTATION_INVALID
C003,C022,500,500,0,0,0,False,0.0,160.3,0.0,0.0,0.0,ROTATION_INVALID
C003,C023,500,500,0,0,0,False,0.0,176.0,0.0,0.0,0.0,ROTATION_INVALID
C003,C024,500,500,0,0,0,False,0.0,-179.1,0.0,0.0,0.0,ROTATION_INVALID
C003,C025,500,500,0,0,0,False,0.0,-173.7,0.0,0.0,0.0,ROTATION_INVALID
C003,C026,500,500,0,0,0,False,0.0,-168.9,0.0,0.0,0.0,ROTATION_INVALID
C003,C027,500,500,0,0,0,False,0.0,-157.0,0.0,0.0,0.0,ROTATION_INVALID
C003,C028,500,500,0,0,0,False,0.0,-147.4,0.0,0.0,0.0,ROTATION_INVALID
C003,C029,500,500,0,0,0,False,0.0,-137.8,0.0,0.0,0.0,ROTATION_INVALID
C003,C030,500,500,0,0,0,False,0.0,-129.7,0.0,0.0,0.0,ROTATION_INVALID
C003,C031,500,500,0,0,0,False,0.0,-114.2,0.0,0.0,0.0,ROTATION_INVALID
C003,C032,500,500,0,0,0,False,0.0,-104.3,0.0,0.0,0.0,ROTATION_INVALID
C003,C033,500,500,0,0,0,False,0.0,-97.7,0.0,0.0,0.0,ROTATION_INVALID
C003,C034,500,500,0,0,0,False,0.0,-93.5,0.0,0.0,0.0,ROTATION_INVALID
C003,C035,500,500,0,0,0,False,0.0,-89.3,0.0,0.0,0.0,ROTATION_INVALID
C003,C036,500,500,0,0,0,False,0.0,-82.1,0.0,0.0,0.0,ROTATION_INVALID
C003,C037,500,500,0,0,0,False,0.0,-73.5,0.0,0.0,0.0,ROTATION_INVALID
C003,C038,500,500,0,0,0,False,0.0,-65.0,0.0,0.0,0.0,ROTATION_INVALID
C003,C039,500,500,0,0,0,False,0.0,-55.1,0.0,0.0,0.0,ROTATION_INVALID
C003,C040,500,500,0,0,0,False,0.0,-44.9,0.0,0.0,0.0,ROTATION_INVALID
C003,C041,500,500,0,0,0,False,0.0,-35.9,0.0,0.0,0.0,ROTATION_INVALID
C003,C042,500,500,0,0,0,False,0.0,-27.6,0.0,0.0,0.0,ROTATION_INVALID
C003,C043,500,500,0,0,0,False,0.0,-18.1,0.0,0.0,0.0,ROTATION_INVALID
C004,C001,500,500,8,8,8,True,0.7692307692307692,-19.9,23.09,150.55,42.99,ROTATION_INVALID
C004,C002,500,500,11,11,11,True,0.9734513274336283,-15.7,14.56,75.78,30.26,ROTATION_INVALID
C004,C003,500,500,23,23,23,True,1.5436241610738257,-11.4,9.66,88.95,21.06,ROTATION_SUSPICIOUS
C004,C004,500,500,500,500,500,True,3.0,0.0,0.0,0.0,0.0,ROTATION_CONSISTENT
C004,C005,500,500,23,23,22,True,1.476510067114094,4.9,-8.74,61.9,13.64,ROTATION_SUSPICIOUS
C004,C006,500,500,10,10,10,True,0.9090909090909091,12.5,-20.21,125.03,32.71,ROTATION_INVALID
C004,C007,500,500,13,13,13,True,1.0924369747899159,22.5,-25.3,137.05,47.8,ROTATION_INVALID
C004,C008,500,500,8,8,8,True,0.7692307692307692,30.7,-35.79,347.96,66.49,ROTATION_INVALID
C004,C009,500,500,3,3,0,False,0.0,37.4,0.0,0.0,0.0,ROTATION_INVALID
C004,C010,500,500,3,3,0,False,0.0,46.0,0.0,0.0,0.0,ROTATION_INVALID
C004,C011,500,500,0,0,0,False,0.0,51.9,0.0,0.0,0.0,ROTATION_INVALID
C004,C012,500,500,0,0,0,False,0.0,56.2,0.0,0.0,0.0,ROTATION_INVALID
C004,C013,500,500,0,0,0,False,0.0,62.2,0.0,0.0,0.0,ROTATION_INVALID
C004,C014,500,500,0,0,0,False,0.0,72.8,0.0,0.0,0.0,ROTATION_INVALID
C004,C015,500,500,0,0,0,False,0.0,86.2,0.0,0.0,0.0,ROTATION_INVALID
C004,C016,500,500,0,0,0,False,0.0,91.5,0.0,0.0,0.0,ROTATION_INVALID
C004,C017,500,500,0,0,0,False,0.0,97.4,0.0,0.0,0.0,ROTATION_INVALID
C004,C018,500,500,0,0,0,False,0.0,107.8,0.0,0.0,0.0,ROTATION_INVALID
C004,C019,500,500,0,0,0,False,0.0,114.4,0.0,0.0,0.0,ROTATION_INVALID
C004,C020,500,500,0,0,0,False,0.0,123.1,0.0,0.0,0.0,ROTATION_INVALID
C004,C021,500,500,0,0,0,False,0.0,134.3,0.0,0.0,0.0,ROTATION_INVALID
C004,C022,500,500,0,0,0,False,0.0,148.9,0.0,0.0,0.0,ROTATION_INVALID
C004,C023,500,500,0,0,0,False,0.0,164.6,0.0,0.0,0.0,ROTATION_INVALID
C004,C024,500,500,0,0,0,False,0.0,169.5,0.0,0.0,0.0,ROTATION_INVALID
C004,C025,500,500,1,1,0,False,0.0,174.9,0.0,0.0,0.0,ROTATION_INVALID
C004,C026,500,500,0,0,0,False,0.0,179.7,0.0,0.0,0.0,ROTATION_INVALID
C004,C027,500,500,0,0,0,False,0.0,-168.4,0.0,0.0,0.0,ROTATION_INVALID
C004,C028,500,500,0,0,0,False,0.0,-158.8,0.0,0.0,0.0,ROTATION_INVALID
C004,C029,500,500,0,0,0,False,0.0,-149.2,0.0,0.0,0.0,ROTATION_INVALID
C004,C030,500,500,0,0,0,False,0.0,-141.1,0.0,0.0,0.0,ROTATION_INVALID
C004,C031,500,500,0,0,0,False,0.0,-125.6,0.0,0.0,0.0,ROTATION_INVALID
C004,C032,500,500,0,0,0,False,0.0,-115.7,0.0,0.0,0.0,ROTATION_INVALID
C004,C033,500,500,0,0,0,False,0.0,-109.1,0.0,0.0,0.0,ROTATION_INVALID
C004,C034,500,500,0,0,0,False,0.0,-104.9,0.0,0.0,0.0,ROTATION_INVALID
C004,C035,500,500,0,0,0,False,0.0,-100.7,0.0,0.0,0.0,ROTATION_INVALID
C004,C036,500,500,0,0,0,False,0.0,-93.5,0.0,0.0,0.0,ROTATION_INVALID
C004,C037,500,500,0,0,0,False,0.0,-84.9,0.0,0.0,0.0,ROTATION_INVALID
C004,C038,500,500,0,0,0,False,0.0,-76.4,0.0,0.0,0.0,ROTATION_INVALID
C004,C039,500,500,0,0,0,False,0.0,-66.5,0.0,0.0,0.0,ROTATION_INVALID
C004,C040,500,500,0,0,0,False,0.0,-56.3,0.0,0.0,0.0,ROTATION_INVALID
C004,C041,500,500,0,0,0,False,0.0,-47.3,0.0,0.0,0.0,ROTATION_INVALID
C004,C042,500,500,0,0,0,False,0.0,-39.0,0.0,0.0,0.0,ROTATION_INVALID
C004,C043,500,500,0,0,0,False,0.0,-29.5,0.0,0.0,0.0,ROTATION_INVALID
C005,C001,500,500,3,3,0,False,0.0,-24.8,0.0,0.0,0.0,ROTATION_INVALID
C005,C002,500,500,7,7,7,True,0.6930693069306931,-20.6,26.49,323.49,47.09,ROTATION_INVALID
C005,C003,500,500,4,4,0,False,0.0,-16.3,0.0,0.0,0.0,ROTATION_INVALID
C005,C004,500,500,23,23,22,True,1.476510067114094,-4.9,9.12,71.41,14.02,ROTATION_SUSPICIOUS
C005,C005,500,500,500,500,500,True,3.0,0.0,0.0,0.0,0.0,ROTATION_CONSISTENT
C005,C006,500,500,19,19,16,True,1.1678832116788322,7.6,-10.38,61.01,17.98,ROTATION_SUSPICIOUS
C005,C007,500,500,12,12,12,True,1.0344827586206897,17.6,-5.34,112.36,22.94,ROTATION_SUSPICIOUS
C005,C008,500,500,3,3,0,False,0.0,25.8,0.0,0.0,0.0,ROTATION_INVALID
C005,C009,500,500,2,2,0,False,0.0,32.5,0.0,0.0,0.0,ROTATION_INVALID
C005,C010,500,500,0,0,0,False,0.0,41.1,0.0,0.0,0.0,ROTATION_INVALID
C005,C011,500,500,0,0,0,False,0.0,47.0,0.0,0.0,0.0,ROTATION_INVALID
C005,C012,500,500,0,0,0,False,0.0,51.3,0.0,0.0,0.0,ROTATION_INVALID
C005,C013,500,500,0,0,0,False,0.0,57.3,0.0,0.0,0.0,ROTATION_INVALID
C005,C014,500,500,0,0,0,False,0.0,67.9,0.0,0.0,0.0,ROTATION_INVALID
C005,C015,500,500,0,0,0,False,0.0,81.3,0.0,0.0,0.0,ROTATION_INVALID
C005,C016,500,500,0,0,0,False,0.0,86.6,0.0,0.0,0.0,ROTATION_INVALID
C005,C017,500,500,0,0,0,False,0.0,92.5,0.0,0.0,0.0,ROTATION_INVALID
C005,C018,500,500,0,0,0,False,0.0,102.9,0.0,0.0,0.0,ROTATION_INVALID
C005,C019,500,500,0,0,0,False,0.0,109.5,0.0,0.0,0.0,ROTATION_INVALID
C005,C020,500,500,0,0,0,False,0.0,118.2,0.0,0.0,0.0,ROTATION_INVALID
C005,C021,500,500,0,0,0,False,0.0,129.4,0.0,0.0,0.0,ROTATION_INVALID
C005,C022,500,500,0,0,0,False,0.0,144.0,0.0,0.0,0.0,ROTATION_INVALID
C005,C023,500,500,0,0,0,False,0.0,159.7,0.0,0.0,0.0,ROTATION_INVALID
C005,C024,500,500,0,0,0,False,0.0,164.6,0.0,0.0,0.0,ROTATION_INVALID
C005,C025,500,500,0,0,0,False,0.0,170.0,0.0,0.0,0.0,ROTATION_INVALID
C005,C026,500,500,0,0,0,False,0.0,174.8,0.0,0.0,0.0,ROTATION_INVALID
C005,C027,500,500,1,1,0,False,0.0,-173.3,0.0,0.0,0.0,ROTATION_INVALID
C005,C028,500,500,0,0,0,False,0.0,-163.7,0.0,0.0,0.0,ROTATION_INVALID
C005,C029,500,500,0,0,0,False,0.0,-154.1,0.0,0.0,0.0,ROTATION_INVALID
C005,C030,500,500,0,0,0,False,0.0,-146.0,0.0,0.0,0.0,ROTATION_INVALID
C005,C031,500,500,0,0,0,False,0.0,-130.5,0.0,0.0,0.0,ROTATION_INVALID
C005,C032,500,500,0,0,0,False,0.0,-120.6,0.0,0.0,0.0,ROTATION_INVALID
C005,C033,500,500,0,0,0,False,0.0,-114.0,0.0,0.0,0.0,ROTATION_INVALID
C005,C034,500,500,0,0,0,False,0.0,-109.8,0.0,0.0,0.0,ROTATION_INVALID
C005,C035,500,500,0,0,0,False,0.0,-105.6,0.0,0.0,0.0,ROTATION_INVALID
C005,C036,500,500,0,0,0,False,0.0,-98.4,0.0,0.0,0.0,ROTATION_INVALID
C005,C037,500,500,0,0,0,False,0.0,-89.8,0.0,0.0,0.0,ROTATION_INVALID
C005,C038,500,500,0,0,0,False,0.0,-81.3,0.0,0.0,0.0,ROTATION_INVALID
C005,C039,500,500,0,0,0,False,0.0,-71.4,0.0,0.0,0.0,ROTATION_INVALID
C005,C040,500,500,0,0,0,False,0.0,-61.2,0.0,0.0,0.0,ROTATION_INVALID
C005,C041,500,500,0,0,0,False,0.0,-52.2,0.0,0.0,0.0,ROTATION_INVALID
C005,C042,500,500,0,0,0,False,0.0,-43.9,0.0,0.0,0.0,ROTATION_INVALID
C005,C043,500,500,0,0,0,False,0.0,-34.4,0.0,0.0,0.0,ROTATION_INVALID
C006,C001,500,500,0,0,0,False,0.0,-32.4,0.0,0.0,0.0,ROTATION_INVALID
C006,C002,500,500,1,1,0,False,0.0,-28.2,0.0,0.0,0.0,ROTATION_INVALID
C006,C003,500,500,5,5,0,False,0.0,-23.9,0.0,0.0,0.0,ROTATION_INVALID
C006,C004,500,500,10,10,10,True,0.9090909090909091,-12.5,21.55,164.44,34.05,ROTATION_INVALID
C006,C005,500,500,19,19,16,True,1.1678832116788322,-7.6,10.75,72.82,18.35,ROTATION_SUSPICIOUS
C006,C006,500,500,500,500,500,True,3.0,0.0,0.0,0.0,0.0,ROTATION_CONSISTENT
C006,C007,500,500,38,38,35,True,1.8041237113402062,10.0,-6.84,37.26,16.84,ROTATION_SUSPICIOUS
C006,C008,500,500,7,7,6,True,0.594059405940594,18.2,-28.67,150.32,46.87,ROTATION_INVALID
C006,C009,500,500,2,2,0,False,0.0,24.9,0.0,0.0,0.0,ROTATION_INVALID
C006,C010,500,500,2,2,0,False,0.0,33.5,0.0,0.0,0.0,ROTATION_INVALID
C006,C011,500,500,2,2,0,False,0.0,39.4,0.0,0.0,0.0,ROTATION_INVALID
C006,C012,500,500,0,0,0,False,0.0,43.7,0.0,0.0,0.0,ROTATION_INVALID
C006,C013,500,500,0,0,0,False,0.0,49.7,0.0,0.0,0.0,ROTATION_INVALID
C006,C014,500,500,0,0,0,False,0.0,60.3,0.0,0.0,0.0,ROTATION_INVALID
C006,C015,500,500,0,0,0,False,0.0,73.7,0.0,0.0,0.0,ROTATION_INVALID
C006,C016,500,500,0,0,0,False,0.0,79.0,0.0,0.0,0.0,ROTATION_INVALID
C006,C017,500,500,0,0,0,False,0.0,84.9,0.0,0.0,0.0,ROTATION_INVALID
C006,C018,500,500,0,0,0,False,0.0,95.3,0.0,0.0,0.0,ROTATION_INVALID
C006,C019,500,500,0,0,0,False,0.0,101.9,0.0,0.0,0.0,ROTATION_INVALID
C006,C020,500,500,0,0,0,False,0.0,110.6,0.0,0.0,0.0,ROTATION_INVALID
C006,C021,500,500,0,0,0,False,0.0,121.8,0.0,0.0,0.0,ROTATION_INVALID
C006,C022,500,500,0,0,0,False,0.0,136.4,0.0,0.0,0.0,ROTATION_INVALID
C006,C023,500,500,0,0,0,False,0.0,152.1,0.0,0.0,0.0,ROTATION_INVALID
C006,C024,500,500,0,0,0,False,0.0,157.0,0.0,0.0,0.0,ROTATION_INVALID
C006,C025,500,500,0,0,0,False,0.0,162.4,0.0,0.0,0.0,ROTATION_INVALID
C006,C026,500,500,0,0,0,False,0.0,167.2,0.0,0.0,0.0,ROTATION_INVALID
C006,C027,500,500,0,0,0,False,0.0,179.1,0.0,0.0,0.0,ROTATION_INVALID
C006,C028,500,500,0,0,0,False,0.0,-171.3,0.0,0.0,0.0,ROTATION_INVALID
C006,C029,500,500,0,0,0,False,0.0,-161.7,0.0,0.0,0.0,ROTATION_INVALID
C006,C030,500,500,0,0,0,False,0.0,-153.6,0.0,0.0,0.0,ROTATION_INVALID
C006,C031,500,500,0,0,0,False,0.0,-138.1,0.0,0.0,0.0,ROTATION_INVALID
C006,C032,500,500,0,0,0,False,0.0,-128.2,0.0,0.0,0.0,ROTATION_INVALID
C006,C033,500,500,0,0,0,False,0.0,-121.6,0.0,0.0,0.0,ROTATION_INVALID
C006,C034,500,500,0,0,0,False,0.0,-117.4,0.0,0.0,0.0,ROTATION_INVALID
C006,C035,500,500,0,0,0,False,0.0,-113.2,0.0,0.0,0.0,ROTATION_INVALID
C006,C036,500,500,0,0,0,False,0.0,-106.0,0.0,0.0,0.0,ROTATION_INVALID
C006,C037,500,500,0,0,0,False,0.0,-97.4,0.0,0.0,0.0,ROTATION_INVALID
C006,C038,500,500,0,0,0,False,0.0,-88.9,0.0,0.0,0.0,ROTATION_INVALID
C006,C039,500,500,0,0,0,False,0.0,-79.0,0.0,0.0,0.0,ROTATION_INVALID
C006,C040,500,500,0,0,0,False,0.0,-68.8,0.0,0.0,0.0,ROTATION_INVALID
C006,C041,500,500,0,0,0,False,0.0,-59.8,0.0,0.0,0.0,ROTATION_INVALID
C006,C042,500,500,0,0,0,False,0.0,-51.5,0.0,0.0,0.0,ROTATION_INVALID
C006,C043,500,500,0,0,0,False,0.0,-42.0,0.0,0.0,0.0,ROTATION_INVALID
C007,C001,500,500,0,0,0,False,0.0,-42.4,0.0,0.0,0.0,ROTATION_INVALID
C007,C002,500,500,0,0,0,False,0.0,-38.2,0.0,0.0,0.0,ROTATION_INVALID
C007,C003,500,500,5,5,0,False,0.0,-33.9,0.0,0.0,0.0,ROTATION_INVALID
C007,C004,500,500,13,13,13,True,1.0924369747899159,-22.5,27.8,195.66,50.3,ROTATION_INVALID
C007,C005,500,500,12,12,12,True,1.0344827586206897,-17.6,5.33,84.29,22.93,ROTATION_SUSPICIOUS
C007,C006,500,500,38,38,35,True,1.8041237113402062,-10.0,7.04,37.94,17.04,ROTATION_SUSPICIOUS
C007,C007,500,500,500,500,500,True,3.0,0.0,0.0,0.0,0.0,ROTATION_CONSISTENT
C007,C008,500,500,26,26,24,True,1.5189873417721518,8.2,-1.61,42.94,9.81,ROTATION_CONSISTENT
C007,C009,500,500,6,6,5,True,0.5102040816326531,14.9,32.49,1900.52,17.59,ROTATION_SUSPICIOUS
C007,C010,500,500,5,5,0,False,0.0,23.5,0.0,0.0,0.0,ROTATION_INVALID
C007,C011,500,500,2,2,0,False,0.0,29.4,0.0,0.0,0.0,ROTATION_INVALID
C007,C012,500,500,1,1,0,False,0.0,33.7,0.0,0.0,0.0,ROTATION_INVALID
C007,C013,500,500,0,0,0,False,0.0,39.7,0.0,0.0,0.0,ROTATION_INVALID
C007,C014,500,500,0,0,0,False,0.0,50.3,0.0,0.0,0.0,ROTATION_INVALID
C007,C015,500,500,0,0,0,False,0.0,63.7,0.0,0.0,0.0,ROTATION_INVALID
C007,C016,500,500,0,0,0,False,0.0,69.0,0.0,0.0,0.0,ROTATION_INVALID
C007,C017,500,500,0,0,0,False,0.0,74.9,0.0,0.0,0.0,ROTATION_INVALID
C007,C018,500,500,0,0,0,False,0.0,85.3,0.0,0.0,0.0,ROTATION_INVALID
C007,C019,500,500,0,0,0,False,0.0,91.9,0.0,0.0,0.0,ROTATION_INVALID
C007,C020,500,500,0,0,0,False,0.0,100.6,0.0,0.0,0.0,ROTATION_INVALID
C007,C021,500,500,0,0,0,False,0.0,111.8,0.0,0.0,0.0,ROTATION_INVALID
C007,C022,500,500,0,0,0,False,0.0,126.4,0.0,0.0,0.0,ROTATION_INVALID
C007,C023,500,500,0,0,0,False,0.0,142.1,0.0,0.0,0.0,ROTATION_INVALID
C007,C024,500,500,0,0,0,False,0.0,147.0,0.0,0.0,0.0,ROTATION_INVALID
C007,C025,500,500,0,0,0,False,0.0,152.4,0.0,0.0,0.0,ROTATION_INVALID
C007,C026,500,500,0,0,0,False,0.0,157.2,0.0,0.0,0.0,ROTATION_INVALID
C007,C027,500,500,0,0,0,False,0.0,169.1,0.0,0.0,0.0,ROTATION_INVALID
C007,C028,500,500,0,0,0,False,0.0,178.7,0.0,0.0,0.0,ROTATION_INVALID
C007,C029,500,500,0,0,0,False,0.0,-171.7,0.0,0.0,0.0,ROTATION_INVALID
C007,C030,500,500,0,0,0,False,0.0,-163.6,0.0,0.0,0.0,ROTATION_INVALID
C007,C031,500,500,0,0,0,False,0.0,-148.1,0.0,0.0,0.0,ROTATION_INVALID
C007,C032,500,500,0,0,0,False,0.0,-138.2,0.0,0.0,0.0,ROTATION_INVALID
C007,C033,500,500,0,0,0,False,0.0,-131.6,0.0,0.0,0.0,ROTATION_INVALID
C007,C034,500,500,0,0,0,False,0.0,-127.4,0.0,0.0,0.0,ROTATION_INVALID
C007,C035,500,500,0,0,0,False,0.0,-123.2,0.0,0.0,0.0,ROTATION_INVALID
C007,C036,500,500,0,0,0,False,0.0,-116.0,0.0,0.0,0.0,ROTATION_INVALID
C007,C037,500,500,0,0,0,False,0.0,-107.4,0.0,0.0,0.0,ROTATION_INVALID
C007,C038,500,500,0,0,0,False,0.0,-98.9,0.0,0.0,0.0,ROTATION_INVALID
C007,C039,500,500,0,0,0,False,0.0,-89.0,0.0,0.0,0.0,ROTATION_INVALID
C007,C040,500,500,0,0,0,False,0.0,-78.8,0.0,0.0,0.0,ROTATION_INVALID
C007,C041,500,500,0,0,0,False,0.0,-69.8,0.0,0.0,0.0,ROTATION_INVALID
C007,C042,500,500,0,0,0,False,0.0,-61.5,0.0,0.0,0.0,ROTATION_INVALID
C007,C043,500,500,0,0,0,False,0.0,-52.0,0.0,0.0,0.0,ROTATION_INVALID
C008,C001,500,500,0,0,0,False,0.0,-50.6,0.0,0.0,0.0,ROTATION_INVALID
C008,C002,500,500,0,0,0,False,0.0,-46.4,0.0,0.0,0.0,ROTATION_INVALID
C008,C003,500,500,5,5,0,False,0.0,-42.1,0.0,0.0,0.0,ROTATION_INVALID
C008,C004,500,500,8,8,8,True,0.7692307692307692,-30.7,10.43,222.91,41.13,ROTATION_INVALID
C008,C005,500,500,3,3,0,False,0.0,-25.8,0.0,0.0,0.0,ROTATION_INVALID
C008,C006,500,500,7,7,6,True,0.594059405940594,-18.2,30.77,340.37,48.97,ROTATION_INVALID
C008,C007,500,500,26,26,24,True,1.5189873417721518,-8.2,1.57,39.46,9.77,ROTATION_CONSISTENT
C008,C008,500,500,500,500,500,True,3.0,0.0,0.0,0.0,0.0,ROTATION_CONSISTENT
C008,C009,500,500,30,30,24,True,1.411764705882353,6.7,-6.06,49.72,12.76,ROTATION_SUSPICIOUS
C008,C010,500,500,11,11,8,True,0.7079646017699115,15.3,-16.62,174.85,31.92,ROTATION_INVALID
C008,C011,500,500,7,7,4,True,0.39603960396039606,21.2,-36.02,518.51,57.22,ROTATION_INVALID
C008,C012,500,500,4,4,0,False,0.0,25.5,0.0,0.0,0.0,ROTATION_INVALID
C008,C013,500,500,0,0,0,False,0.0,31.5,0.0,0.0,0.0,ROTATION_INVALID
C008,C014,500,500,1,1,0,False,0.0,42.1,0.0,0.0,0.0,ROTATION_INVALID
C008,C015,500,500,0,0,0,False,0.0,55.5,0.0,0.0,0.0,ROTATION_INVALID
C008,C016,500,500,0,0,0,False,0.0,60.8,0.0,0.0,0.0,ROTATION_INVALID
C008,C017,500,500,0,0,0,False,0.0,66.7,0.0,0.0,0.0,ROTATION_INVALID
C008,C018,500,500,0,0,0,False,0.0,77.1,0.0,0.0,0.0,ROTATION_INVALID
C008,C019,500,500,0,0,0,False,0.0,83.7,0.0,0.0,0.0,ROTATION_INVALID
C008,C020,500,500,0,0,0,False,0.0,92.4,0.0,0.0,0.0,ROTATION_INVALID
C008,C021,500,500,0,0,0,False,0.0,103.6,0.0,0.0,0.0,ROTATION_INVALID
C008,C022,500,500,0,0,0,False,0.0,118.2,0.0,0.0,0.0,ROTATION_INVALID
C008,C023,500,500,0,0,0,False,0.0,133.9,0.0,0.0,0.0,ROTATION_INVALID
C008,C024,500,500,0,0,0,False,0.0,138.8,0.0,0.0,0.0,ROTATION_INVALID
C008,C025,500,500,0,0,0,False,0.0,144.2,0.0,0.0,0.0,ROTATION_INVALID
C008,C026,500,500,0,0,0,False,0.0,149.0,0.0,0.0,0.0,ROTATION_INVALID
C008,C027,500,500,0,0,0,False,0.0,160.9,0.0,0.0,0.0,ROTATION_INVALID
C008,C028,500,500,0,0,0,False,0.0,170.5,0.0,0.0,0.0,ROTATION_INVALID
C008,C029,500,500,0,0,0,False,0.0,-179.9,0.0,0.0,0.0,ROTATION_INVALID
C008,C030,500,500,0,0,0,False,0.0,-171.8,0.0,0.0,0.0,ROTATION_INVALID
C008,C031,500,500,0,0,0,False,0.0,-156.3,0.0,0.0,0.0,ROTATION_INVALID
C008,C032,500,500,0,0,0,False,0.0,-146.4,0.0,0.0,0.0,ROTATION_INVALID
C008,C033,500,500,0,0,0,False,0.0,-139.8,0.0,0.0,0.0,ROTATION_INVALID
C008,C034,500,500,0,0,0,False,0.0,-135.6,0.0,0.0,0.0,ROTATION_INVALID
C008,C035,500,500,0,0,0,False,0.0,-131.4,0.0,0.0,0.0,ROTATION_INVALID
C008,C036,500,500,0,0,0,False,0.0,-124.2,0.0,0.0,0.0,ROTATION_INVALID
C008,C037,500,500,0,0,0,False,0.0,-115.6,0.0,0.0,0.0,ROTATION_INVALID
C008,C038,500,500,0,0,0,False,0.0,-107.1,0.0,0.0,0.0,ROTATION_INVALID
C008,C039,500,500,0,0,0,False,0.0,-97.2,0.0,0.0,0.0,ROTATION_INVALID
C008,C040,500,500,0,0,0,False,0.0,-87.0,0.0,0.0,0.0,ROTATION_INVALID
C008,C041,500,500,0,0,0,False,0.0,-78.0,0.0,0.0,0.0,ROTATION_INVALID
C008,C042,500,500,0,0,0,False,0.0,-69.7,0.0,0.0,0.0,ROTATION_INVALID
C008,C043,500,500,0,0,0,False,0.0,-60.2,0.0,0.0,0.0,ROTATION_INVALID
C009,C001,500,500,0,0,0,False,0.0,-57.3,0.0,0.0,0.0,ROTATION_INVALID
C009,C002,500,500,0,0,0,False,0.0,-53.1,0.0,0.0,0.0,ROTATION_INVALID
C009,C003,500,500,2,2,0,False,0.0,-48.8,0.0,0.0,0.0,ROTATION_INVALID
C009,C004,500,500,3,3,0,False,0.0,-37.4,0.0,0.0,0.0,ROTATION_INVALID
C009,C005,500,500,2,2,0,False,0.0,-32.5,0.0,0.0,0.0,ROTATION_INVALID
C009,C006,500,500,2,2,0,False,0.0,-24.9,0.0,0.0,0.0,ROTATION_INVALID
C009,C007,500,500,6,6,5,True,0.5102040816326531,-14.9,-23.69,248.71,8.79,ROTATION_INVALID
C009,C008,500,500,30,30,24,True,1.411764705882353,-6.7,6.29,57.3,12.99,ROTATION_SUSPICIOUS
C009,C009,500,500,500,500,500,True,3.0,0.0,0.0,0.0,0.0,ROTATION_CONSISTENT
C009,C010,500,500,45,45,31,True,1.441860465116279,8.6,-3.01,26.36,11.61,ROTATION_CONSISTENT
C009,C011,500,500,18,18,11,True,0.8208955223880597,14.5,-5.86,51.93,20.36,ROTATION_SUSPICIOUS
C009,C012,500,500,6,6,5,True,0.5102040816326531,18.8,-16.88,173.71,35.68,ROTATION_INVALID
C009,C013,500,500,1,1,0,False,0.0,24.8,0.0,0.0,0.0,ROTATION_INVALID
C009,C014,500,500,0,0,0,False,0.0,35.4,0.0,0.0,0.0,ROTATION_INVALID
C009,C015,500,500,0,0,0,False,0.0,48.8,0.0,0.0,0.0,ROTATION_INVALID
C009,C016,500,500,0,0,0,False,0.0,54.1,0.0,0.0,0.0,ROTATION_INVALID
C009,C017,500,500,0,0,0,False,0.0,60.0,0.0,0.0,0.0,ROTATION_INVALID
C009,C018,500,500,0,0,0,False,0.0,70.4,0.0,0.0,0.0,ROTATION_INVALID
C009,C019,500,500,0,0,0,False,0.0,77.0,0.0,0.0,0.0,ROTATION_INVALID
C009,C020,500,500,0,0,0,False,0.0,85.7,0.0,0.0,0.0,ROTATION_INVALID
C009,C021,500,500,0,0,0,False,0.0,96.9,0.0,0.0,0.0,ROTATION_INVALID
C009,C022,500,500,0,0,0,False,0.0,111.5,0.0,0.0,0.0,ROTATION_INVALID
C009,C023,500,500,0,0,0,False,0.0,127.2,0.0,0.0,0.0,ROTATION_INVALID
C009,C024,500,500,0,0,0,False,0.0,132.1,0.0,0.0,0.0,ROTATION_INVALID
C009,C025,500,500,0,0,0,False,0.0,137.5,0.0,0.0,0.0,ROTATION_INVALID
C009,C026,500,500,0,0,0,False,0.0,142.3,0.0,0.0,0.0,ROTATION_INVALID
C009,C027,500,500,0,0,0,False,0.0,154.2,0.0,0.0,0.0,ROTATION_INVALID
C009,C028,500,500,0,0,0,False,0.0,163.8,0.0,0.0,0.0,ROTATION_INVALID
C009,C029,500,500,0,0,0,False,0.0,173.4,0.0,0.0,0.0,ROTATION_INVALID
C009,C030,500,500,0,0,0,False,0.0,-178.5,0.0,0.0,0.0,ROTATION_INVALID
C009,C031,500,500,0,0,0,False,0.0,-163.0,0.0,0.0,0.0,ROTATION_INVALID
C009,C032,500,500,0,0,0,False,0.0,-153.1,0.0,0.0,0.0,ROTATION_INVALID
C009,C033,500,500,0,0,0,False,0.0,-146.5,0.0,0.0,0.0,ROTATION_INVALID
C009,C034,500,500,0,0,0,False,0.0,-142.3,0.0,0.0,0.0,ROTATION_INVALID
C009,C035,500,500,0,0,0,False,0.0,-138.1,0.0,0.0,0.0,ROTATION_INVALID
C009,C036,500,500,0,0,0,False,0.0,-130.9,0.0,0.0,0.0,ROTATION_INVALID
C009,C037,500,500,0,0,0,False,0.0,-122.3,0.0,0.0,0.0,ROTATION_INVALID
C009,C038,500,500,0,0,0,False,0.0,-113.8,0.0,0.0,0.0,ROTATION_INVALID
C009,C039,500,500,0,0,0,False,0.0,-103.9,0.0,0.0,0.0,ROTATION_INVALID
C009,C040,500,500,0,0,0,False,0.0,-93.7,0.0,0.0,0.0,ROTATION_INVALID
C009,C041,500,500,0,0,0,False,0.0,-84.7,0.0,0.0,0.0,ROTATION_INVALID
C009,C042,500,500,0,0,0,False,0.0,-76.4,0.0,0.0,0.0,ROTATION_INVALID
C009,C043,500,500,0,0,0,False,0.0,-66.9,0.0,0.0,0.0,ROTATION_INVALID
C010,C001,500,500,0,0,0,False,0.0,-65.9,0.0,0.0,0.0,ROTATION_INVALID
C010,C002,500,500,0,0,0,False,0.0,-61.7,0.0,0.0,0.0,ROTATION_INVALID
C010,C003,500,500,0,0,0,False,0.0,-57.4,0.0,0.0,0.0,ROTATION_INVALID
C010,C004,500,500,3,3,0,False,0.0,-46.0,0.0,0.0,0.0,ROTATION_INVALID
C010,C005,500,500,0,0,0,False,0.0,-41.1,0.0,0.0,0.0,ROTATION_INVALID
C010,C006,500,500,2,2,0,False,0.0,-33.5,0.0,0.0,0.0,ROTATION_INVALID
C010,C007,500,500,5,5,0,False,0.0,-23.5,0.0,0.0,0.0,ROTATION_INVALID
C010,C008,500,500,11,11,8,True,0.7079646017699115,-15.3,20.57,318.85,35.87,ROTATION_INVALID
C010,C009,500,500,45,45,31,True,1.441860465116279,-8.6,3.07,26.81,11.67,ROTATION_CONSISTENT
C010,C010,500,500,500,500,500,True,3.0,0.0,0.0,0.0,0.0,ROTATION_CONSISTENT
C010,C011,500,500,63,63,48,True,1.784386617100372,5.9,-4.4,44.87,10.3,ROTATION_CONSISTENT
C010,C012,500,500,22,22,12,True,0.8219178082191781,10.2,-0.77,97.23,10.97,ROTATION_SUSPICIOUS
C010,C013,500,500,0,0,0,False,0.0,16.2,0.0,0.0,0.0,ROTATION_INVALID
C010,C014,500,500,0,0,0,False,0.0,26.8,0.0,0.0,0.0,ROTATION_INVALID
C010,C015,500,500,1,1,0,False,0.0,40.2,0.0,0.0,0.0,ROTATION_INVALID
C010,C016,500,500,0,0,0,False,0.0,45.5,0.0,0.0,0.0,ROTATION_INVALID
C010,C017,500,500,0,0,0,False,0.0,51.4,0.0,0.0,0.0,ROTATION_INVALID
C010,C018,500,500,0,0,0,False,0.0,61.8,0.0,0.0,0.0,ROTATION_INVALID
C010,C019,500,500,0,0,0,False,0.0,68.4,0.0,0.0,0.0,ROTATION_INVALID
C010,C020,500,500,0,0,0,False,0.0,77.1,0.0,0.0,0.0,ROTATION_INVALID
C010,C021,500,500,0,0,0,False,0.0,88.3,0.0,0.0,0.0,ROTATION_INVALID
C010,C022,500,500,0,0,0,False,0.0,102.9,0.0,0.0,0.0,ROTATION_INVALID
C010,C023,500,500,0,0,0,False,0.0,118.6,0.0,0.0,0.0,ROTATION_INVALID
C010,C024,500,500,0,0,0,False,0.0,123.5,0.0,0.0,0.0,ROTATION_INVALID
C010,C025,500,500,0,0,0,False,0.0,128.9,0.0,0.0,0.0,ROTATION_INVALID
C010,C026,500,500,0,0,0,False,0.0,133.7,0.0,0.0,0.0,ROTATION_INVALID
C010,C027,500,500,0,0,0,False,0.0,145.6,0.0,0.0,0.0,ROTATION_INVALID
C010,C028,500,500,0,0,0,False,0.0,155.2,0.0,0.0,0.0,ROTATION_INVALID
C010,C029,500,500,0,0,0,False,0.0,164.8,0.0,0.0,0.0,ROTATION_INVALID
C010,C030,500,500,0,0,0,False,0.0,172.9,0.0,0.0,0.0,ROTATION_INVALID
C010,C031,500,500,0,0,0,False,0.0,-171.6,0.0,0.0,0.0,ROTATION_INVALID
C010,C032,500,500,0,0,0,False,0.0,-161.7,0.0,0.0,0.0,ROTATION_INVALID
C010,C033,500,500,0,0,0,False,0.0,-155.1,0.0,0.0,0.0,ROTATION_INVALID
C010,C034,500,500,0,0,0,False,0.0,-150.9,0.0,0.0,0.0,ROTATION_INVALID
C010,C035,500,500,0,0,0,False,0.0,-146.7,0.0,0.0,0.0,ROTATION_INVALID
C010,C036,500,500,0,0,0,False,0.0,-139.5,0.0,0.0,0.0,ROTATION_INVALID
C010,C037,500,500,0,0,0,False,0.0,-130.9,0.0,0.0,0.0,ROTATION_INVALID
C010,C038,500,500,0,0,0,False,0.0,-122.4,0.0,0.0,0.0,ROTATION_INVALID
C010,C039,500,500,0,0,0,False,0.0,-112.5,0.0,0.0,0.0,ROTATION_INVALID
C010,C040,500,500,0,0,0,False,0.0,-102.3,0.0,0.0,0.0,ROTATION_INVALID
C010,C041,500,500,0,0,0,False,0.0,-93.3,0.0,0.0,0.0,ROTATION_INVALID
C010,C042,500,500,0,0,0,False,0.0,-85.0,0.0,0.0,0.0,ROTATION_INVALID
C010,C043,500,500,0,0,0,False,0.0,-75.5,0.0,0.0,0.0,ROTATION_INVALID
C011,C001,500,500,0,0,0,False,0.0,-71.8,0.0,0.0,0.0,ROTATION_INVALID
C011,C002,500,500,0,0,0,False,0.0,-67.6,0.0,0.0,0.0,ROTATION_INVALID
C011,C003,500,500,0,0,0,False,0.0,-63.3,0.0,0.0,0.0,ROTATION_INVALID
C011,C004,500,500,0,0,0,False,0.0,-51.9,0.0,0.0,0.0,ROTATION_INVALID
C011,C005,500,500,0,0,0,False,0.0,-47.0,0.0,0.0,0.0,ROTATION_INVALID
C011,C006,500,500,2,2,0,False,0.0,-39.4,0.0,0.0,0.0,ROTATION_INVALID
C011,C007,500,500,2,2,0,False,0.0,-29.4,0.0,0.0,0.0,ROTATION_INVALID
C011,C008,500,500,7,7,4,True,0.39603960396039606,-21.2,70.44,1076.59,91.64,ROTATION_INVALID
C011,C009,500,500,18,18,11,True,0.8208955223880597,-14.5,6.15,54.68,20.65,ROTATION_SUSPICIOUS
C011,C010,500,500,63,63,48,True,1.784386617100372,-5.9,4.63,49.28,10.53,ROTATION_CONSISTENT
C011,C011,500,500,500,500,500,True,3.0,0.0,0.0,0.0,0.0,ROTATION_CONSISTENT
C011,C012,500,500,42,42,35,True,1.6990291262135921,4.3,-3.2,38.71,7.5,ROTATION_CONSISTENT
C011,C013,500,500,1,1,0,False,0.0,10.3,0.0,0.0,0.0,ROTATION_INVALID
C011,C014,500,500,2,2,0,False,0.0,20.9,0.0,0.0,0.0,ROTATION_INVALID
C011,C015,500,500,2,2,0,False,0.0,34.3,0.0,0.0,0.0,ROTATION_INVALID
C011,C016,500,500,1,1,0,False,0.0,39.6,0.0,0.0,0.0,ROTATION_INVALID
C011,C017,500,500,0,0,0,False,0.0,45.5,0.0,0.0,0.0,ROTATION_INVALID
C011,C018,500,500,0,0,0,False,0.0,55.9,0.0,0.0,0.0,ROTATION_INVALID
C011,C019,500,500,0,0,0,False,0.0,62.5,0.0,0.0,0.0,ROTATION_INVALID
C011,C020,500,500,0,0,0,False,0.0,71.2,0.0,0.0,0.0,ROTATION_INVALID
C011,C021,500,500,0,0,0,False,0.0,82.4,0.0,0.0,0.0,ROTATION_INVALID
C011,C022,500,500,0,0,0,False,0.0,97.0,0.0,0.0,0.0,ROTATION_INVALID
C011,C023,500,500,0,0,0,False,0.0,112.7,0.0,0.0,0.0,ROTATION_INVALID
C011,C024,500,500,0,0,0,False,0.0,117.6,0.0,0.0,0.0,ROTATION_INVALID
C011,C025,500,500,1,1,0,False,0.0,123.0,0.0,0.0,0.0,ROTATION_INVALID
C011,C026,500,500,0,0,0,False,0.0,127.8,0.0,0.0,0.0,ROTATION_INVALID
C011,C027,500,500,0,0,0,False,0.0,139.7,0.0,0.0,0.0,ROTATION_INVALID
C011,C028,500,500,0,0,0,False,0.0,149.3,0.0,0.0,0.0,ROTATION_INVALID
C011,C029,500,500,0,0,0,False,0.0,158.9,0.0,0.0,0.0,ROTATION_INVALID
C011,C030,500,500,0,0,0,False,0.0,167.0,0.0,0.0,0.0,ROTATION_INVALID
C011,C031,500,500,0,0,0,False,0.0,-177.5,0.0,0.0,0.0,ROTATION_INVALID
C011,C032,500,500,0,0,0,False,0.0,-167.6,0.0,0.0,0.0,ROTATION_INVALID
C011,C033,500,500,0,0,0,False,0.0,-161.0,0.0,0.0,0.0,ROTATION_INVALID
C011,C034,500,500,0,0,0,False,0.0,-156.8,0.0,0.0,0.0,ROTATION_INVALID
C011,C035,500,500,0,0,0,False,0.0,-152.6,0.0,0.0,0.0,ROTATION_INVALID
C011,C036,500,500,0,0,0,False,0.0,-145.4,0.0,0.0,0.0,ROTATION_INVALID
C011,C037,500,500,0,0,0,False,0.0,-136.8,0.0,0.0,0.0,ROTATION_INVALID
C011,C038,500,500,0,0,0,False,0.0,-128.3,0.0,0.0,0.0,ROTATION_INVALID
C011,C039,500,500,0,0,0,False,0.0,-118.4,0.0,0.0,0.0,ROTATION_INVALID
C011,C040,500,500,0,0,0,False,0.0,-108.2,0.0,0.0,0.0,ROTATION_INVALID
C011,C041,500,500,0,0,0,False,0.0,-99.2,0.0,0.0,0.0,ROTATION_INVALID
C011,C042,500,500,0,0,0,False,0.0,-90.9,0.0,0.0,0.0,ROTATION_INVALID
C011,C043,500,500,0,0,0,False,0.0,-81.4,0.0,0.0,0.0,ROTATION_INVALID
C012,C001,500,500,0,0,0,False,0.0,-76.1,0.0,0.0,0.0,ROTATION_INVALID
C012,C002,500,500,0,0,0,False,0.0,-71.9,0.0,0.0,0.0,ROTATION_INVALID
C012,C003,500,500,0,0,0,False,0.0,-67.6,0.0,0.0,0.0,ROTATION_INVALID
C012,C004,500,500,0,0,0,False,0.0,-56.2,0.0,0.0,0.0,ROTATION_INVALID
C012,C005,500,500,0,0,0,False,0.0,-51.3,0.0,0.0,0.0,ROTATION_INVALID
C012,C006,500,500,0,0,0,False,0.0,-43.7,0.0,0.0,0.0,ROTATION_INVALID
C012,C007,500,500,1,1,0,False,0.0,-33.7,0.0,0.0,0.0,ROTATION_INVALID
C012,C008,500,500,4,4,0,False,0.0,-25.5,0.0,0.0,0.0,ROTATION_INVALID
C012,C009,500,500,6,6,5,True,0.5102040816326531,-18.8,23.14,471.5,41.94,ROTATION_INVALID
C012,C010,500,500,22,22,12,True,0.8219178082191781,-10.2,-1.18,146.37,9.02,ROTATION_SUSPICIOUS
C012,C011,500,500,42,42,35,True,1.6990291262135921,-4.3,3.38,45.65,7.68,ROTATION_CONSISTENT
C012,C012,500,500,500,500,500,True,3.0,0.0,0.0,0.0,0.0,ROTATION_CONSISTENT
C012,C013,500,500,4,4,0,False,0.0,6.0,0.0,0.0,0.0,ROTATION_INVALID
C012,C014,500,500,1,1,0,False,0.0,16.6,0.0,0.0,0.0,ROTATION_INVALID
C012,C015,500,500,3,3,0,False,0.0,30.0,0.0,0.0,0.0,ROTATION_INVALID
C012,C016,500,500,3,3,0,False,0.0,35.3,0.0,0.0,0.0,ROTATION_INVALID
C012,C017,500,500,0,0,0,False,0.0,41.2,0.0,0.0,0.0,ROTATION_INVALID
C012,C018,500,500,1,1,0,False,0.0,51.6,0.0,0.0,0.0,ROTATION_INVALID
C012,C019,500,500,0,0,0,False,0.0,58.2,0.0,0.0,0.0,ROTATION_INVALID
C012,C020,500,500,0,0,0,False,0.0,66.9,0.0,0.0,0.0,ROTATION_INVALID
C012,C021,500,500,0,0,0,False,0.0,78.1,0.0,0.0,0.0,ROTATION_INVALID
C012,C022,500,500,0,0,0,False,0.0,92.7,0.0,0.0,0.0,ROTATION_INVALID
C012,C023,500,500,0,0,0,False,0.0,108.4,0.0,0.0,0.0,ROTATION_INVALID
C012,C024,500,500,0,0,0,False,0.0,113.3,0.0,0.0,0.0,ROTATION_INVALID
C012,C025,500,500,0,0,0,False,0.0,118.7,0.0,0.0,0.0,ROTATION_INVALID
C012,C026,500,500,0,0,0,False,0.0,123.5,0.0,0.0,0.0,ROTATION_INVALID
C012,C027,500,500,0,0,0,False,0.0,135.4,0.0,0.0,0.0,ROTATION_INVALID
C012,C028,500,500,0,0,0,False,0.0,145.0,0.0,0.0,0.0,ROTATION_INVALID
C012,C029,500,500,0,0,0,False,0.0,154.6,0.0,0.0,0.0,ROTATION_INVALID
C012,C030,500,500,0,0,0,False,0.0,162.7,0.0,0.0,0.0,ROTATION_INVALID
C012,C031,500,500,0,0,0,False,0.0,178.2,0.0,0.0,0.0,ROTATION_INVALID
C012,C032,500,500,0,0,0,False,0.0,-171.9,0.0,0.0,0.0,ROTATION_INVALID
C012,C033,500,500,0,0,0,False,0.0,-165.3,0.0,0.0,0.0,ROTATION_INVALID
C012,C034,500,500,0,0,0,False,0.0,-161.1,0.0,0.0,0.0,ROTATION_INVALID
C012,C035,500,500,0,0,0,False,0.0,-156.9,0.0,0.0,0.0,ROTATION_INVALID
C012,C036,500,500,0,0,0,False,0.0,-149.7,0.0,0.0,0.0,ROTATION_INVALID
C012,C037,500,500,0,0,0,False,0.0,-141.1,0.0,0.0,0.0,ROTATION_INVALID
C012,C038,500,500,0,0,0,False,0.0,-132.6,0.0,0.0,0.0,ROTATION_INVALID
C012,C039,500,500,0,0,0,False,0.0,-122.7,0.0,0.0,0.0,ROTATION_INVALID
C012,C040,500,500,0,0,0,False,0.0,-112.5,0.0,0.0,0.0,ROTATION_INVALID
C012,C041,500,500,0,0,0,False,0.0,-103.5,0.0,0.0,0.0,ROTATION_INVALID
C012,C042,500,500,0,0,0,False,0.0,-95.2,0.0,0.0,0.0,ROTATION_INVALID
C012,C043,500,500,0,0,0,False,0.0,-85.7,0.0,0.0,0.0,ROTATION_INVALID
C013,C001,500,500,0,0,0,False,0.0,-82.1,0.0,0.0,0.0,ROTATION_INVALID
C013,C002,500,500,0,0,0,False,0.0,-77.9,0.0,0.0,0.0,ROTATION_INVALID
C013,C003,500,500,0,0,0,False,0.0,-73.6,0.0,0.0,0.0,ROTATION_INVALID
C013,C004,500,500,0,0,0,False,0.0,-62.2,0.0,0.0,0.0,ROTATION_INVALID
C013,C005,500,500,0,0,0,False,0.0,-57.3,0.0,0.0,0.0,ROTATION_INVALID
C013,C006,500,500,0,0,0,False,0.0,-49.7,0.0,0.0,0.0,ROTATION_INVALID
C013,C007,500,500,0,0,0,False,0.0,-39.7,0.0,0.0,0.0,ROTATION_INVALID
C013,C008,500,500,0,0,0,False,0.0,-31.5,0.0,0.0,0.0,ROTATION_INVALID
C013,C009,500,500,1,1,0,False,0.0,-24.8,0.0,0.0,0.0,ROTATION_INVALID
C013,C010,500,500,0,0,0,False,0.0,-16.2,0.0,0.0,0.0,ROTATION_INVALID
C013,C011,500,500,1,1,0,False,0.0,-10.3,0.0,0.0,0.0,ROTATION_INVALID
C013,C012,500,500,4,4,0,False,0.0,-6.0,0.0,0.0,0.0,ROTATION_INVALID
C013,C013,500,500,500,500,500,True,3.0,0.0,0.0,0.0,0.0,ROTATION_CONSISTENT
C013,C014,500,500,27,27,23,True,1.4285714285714284,10.6,-8.07,51.11,18.67,ROTATION_SUSPICIOUS
C013,C015,500,500,8,8,7,True,0.673076923076923,24.0,-14.83,129.45,38.83,ROTATION_INVALID
C013,C016,500,500,2,2,0,False,0.0,29.3,0.0,0.0,0.0,ROTATION_INVALID
C013,C017,500,500,3,3,0,False,0.0,35.2,0.0,0.0,0.0,ROTATION_INVALID
C013,C018,500,500,0,0,0,False,0.0,45.6,0.0,0.0,0.0,ROTATION_INVALID
C013,C019,500,500,0,0,0,False,0.0,52.2,0.0,0.0,0.0,ROTATION_INVALID
C013,C020,500,500,0,0,0,False,0.0,60.9,0.0,0.0,0.0,ROTATION_INVALID
C013,C021,500,500,0,0,0,False,0.0,72.1,0.0,0.0,0.0,ROTATION_INVALID
C013,C022,500,500,0,0,0,False,0.0,86.7,0.0,0.0,0.0,ROTATION_INVALID
C013,C023,500,500,0,0,0,False,0.0,102.4,0.0,0.0,0.0,ROTATION_INVALID
C013,C024,500,500,0,0,0,False,0.0,107.3,0.0,0.0,0.0,ROTATION_INVALID
C013,C025,500,500,0,0,0,False,0.0,112.7,0.0,0.0,0.0,ROTATION_INVALID
C013,C026,500,500,0,0,0,False,0.0,117.5,0.0,0.0,0.0,ROTATION_INVALID
C013,C027,500,500,0,0,0,False,0.0,129.4,0.0,0.0,0.0,ROTATION_INVALID
C013,C028,500,500,0,0,0,False,0.0,139.0,0.0,0.0,0.0,ROTATION_INVALID
C013,C029,500,500,0,0,0,False,0.0,148.6,0.0,0.0,0.0,ROTATION_INVALID
C013,C030,500,500,0,0,0,False,0.0,156.7,0.0,0.0,0.0,ROTATION_INVALID
C013,C031,500,500,0,0,0,False,0.0,172.2,0.0,0.0,0.0,ROTATION_INVALID
C013,C032,500,500,0,0,0,False,0.0,-177.9,0.0,0.0,0.0,ROTATION_INVALID
C013,C033,500,500,0,0,0,False,0.0,-171.3,0.0,0.0,0.0,ROTATION_INVALID
C013,C034,500,500,0,0,0,False,0.0,-167.1,0.0,0.0,0.0,ROTATION_INVALID
C013,C035,500,500,0,0,0,False,0.0,-162.9,0.0,0.0,0.0,ROTATION_INVALID
C013,C036,500,500,0,0,0,False,0.0,-155.7,0.0,0.0,0.0,ROTATION_INVALID
C013,C037,500,500,0,0,0,False,0.0,-147.1,0.0,0.0,0.0,ROTATION_INVALID
C013,C038,500,500,0,0,0,False,0.0,-138.6,0.0,0.0,0.0,ROTATION_INVALID
C013,C039,500,500,0,0,0,False,0.0,-128.7,0.0,0.0,0.0,ROTATION_INVALID
C013,C040,500,500,0,0,0,False,0.0,-118.5,0.0,0.0,0.0,ROTATION_INVALID
C013,C041,500,500,0,0,0,False,0.0,-109.5,0.0,0.0,0.0,ROTATION_INVALID
C013,C042,500,500,0,0,0,False,0.0,-101.2,0.0,0.0,0.0,ROTATION_INVALID
C013,C043,500,500,0,0,0,False,0.0,-91.7,0.0,0.0,0.0,ROTATION_INVALID
C014,C001,500,500,0,0,0,False,0.0,-92.7,0.0,0.0,0.0,ROTATION_INVALID
C014,C002,500,500,0,0,0,False,0.0,-88.5,0.0,0.0,0.0,ROTATION_INVALID
C014,C003,500,500,0,0,0,False,0.0,-84.2,0.0,0.0,0.0,ROTATION_INVALID
C014,C004,500,500,0,0,0,False,0.0,-72.8,0.0,0.0,0.0,ROTATION_INVALID
C014,C005,500,500,0,0,0,False,0.0,-67.9,0.0,0.0,0.0,ROTATION_INVALID
C014,C006,500,500,0,0,0,False,0.0,-60.3,0.0,0.0,0.0,ROTATION_INVALID
C014,C007,500,500,0,0,0,False,0.0,-50.3,0.0,0.0,0.0,ROTATION_INVALID
C014,C008,500,500,1,1,0,False,0.0,-42.1,0.0,0.0,0.0,ROTATION_INVALID
C014,C009,500,500,0,0,0,False,0.0,-35.4,0.0,0.0,0.0,ROTATION_INVALID
C014,C010,500,500,0,0,0,False,0.0,-26.8,0.0,0.0,0.0,ROTATION_INVALID
C014,C011,500,500,2,2,0,False,0.0,-20.9,0.0,0.0,0.0,ROTATION_INVALID
C014,C012,500,500,1,1,0,False,0.0,-16.6,0.0,0.0,0.0,ROTATION_INVALID
C014,C013,500,500,27,27,23,True,1.4285714285714284,-10.6,8.37,58.65,18.97,ROTATION_SUSPICIOUS
C014,C014,500,500,500,500,500,True,3.0,0.0,0.0,0.0,0.0,ROTATION_CONSISTENT
C014,C015,500,500,28,28,21,True,1.2804878048780488,13.4,-14.83,211.75,28.23,ROTATION_SUSPICIOUS
C014,C016,500,500,12,12,11,True,0.9482758620689655,18.7,-12.22,137.07,30.92,ROTATION_INVALID
C014,C017,500,500,2,2,0,False,0.0,24.6,0.0,0.0,0.0,ROTATION_INVALID
C014,C018,500,500,0,0,0,False,0.0,35.0,0.0,0.0,0.0,ROTATION_INVALID
C014,C019,500,500,0,0,0,False,0.0,41.6,0.0,0.0,0.0,ROTATION_INVALID
C014,C020,500,500,0,0,0,False,0.0,50.3,0.0,0.0,0.0,ROTATION_INVALID
C014,C021,500,500,0,0,0,False,0.0,61.5,0.0,0.0,0.0,ROTATION_INVALID
C014,C022,500,500,0,0,0,False,0.0,76.1,0.0,0.0,0.0,ROTATION_INVALID
C014,C023,500,500,0,0,0,False,0.0,91.8,0.0,0.0,0.0,ROTATION_INVALID
C014,C024,500,500,0,0,0,False,0.0,96.7,0.0,0.0,0.0,ROTATION_INVALID
C014,C025,500,500,0,0,0,False,0.0,102.1,0.0,0.0,0.0,ROTATION_INVALID
C014,C026,500,500,0,0,0,False,0.0,106.9,0.0,0.0,0.0,ROTATION_INVALID
C014,C027,500,500,0,0,0,False,0.0,118.8,0.0,0.0,0.0,ROTATION_INVALID
C014,C028,500,500,0,0,0,False,0.0,128.4,0.0,0.0,0.0,ROTATION_INVALID
C014,C029,500,500,0,0,0,False,0.0,138.0,0.0,0.0,0.0,ROTATION_INVALID
C014,C030,500,500,0,0,0,False,0.0,146.1,0.0,0.0,0.0,ROTATION_INVALID
C014,C031,500,500,0,0,0,False,0.0,161.6,0.0,0.0,0.0,ROTATION_INVALID
C014,C032,500,500,0,0,0,False,0.0,171.5,0.0,0.0,0.0,ROTATION_INVALID
C014,C033,500,500,0,0,0,False,0.0,178.1,0.0,0.0,0.0,ROTATION_INVALID
C014,C034,500,500,0,0,0,False,0.0,-177.7,0.0,0.0,0.0,ROTATION_INVALID
C014,C035,500,500,0,0,0,False,0.0,-173.5,0.0,0.0,0.0,ROTATION_INVALID
C014,C036,500,500,0,0,0,False,0.0,-166.3,0.0,0.0,0.0,ROTATION_INVALID
C014,C037,500,500,0,0,0,False,0.0,-157.7,0.0,0.0,0.0,ROTATION_INVALID
C014,C038,500,500,0,0,0,False,0.0,-149.2,0.0,0.0,0.0,ROTATION_INVALID
C014,C039,500,500,0,0,0,False,0.0,-139.3,0.0,0.0,0.0,ROTATION_INVALID
C014,C040,500,500,0,0,0,False,0.0,-129.1,0.0,0.0,0.0,ROTATION_INVALID
C014,C041,500,500,0,0,0,False,0.0,-120.1,0.0,0.0,0.0,ROTATION_INVALID
C014,C042,500,500,0,0,0,False,0.0,-111.8,0.0,0.0,0.0,ROTATION_INVALID
C014,C043,500,500,0,0,0,False,0.0,-102.3,0.0,0.0,0.0,ROTATION_INVALID
C015,C001,500,500,0,0,0,False,0.0,-106.1,0.0,0.0,0.0,ROTATION_INVALID
C015,C002,500,500,0,0,0,False,0.0,-101.9,0.0,0.0,0.0,ROTATION_INVALID
C015,C003,500,500,0,0,0,False,0.0,-97.6,0.0,0.0,0.0,ROTATION_INVALID
C015,C004,500,500,0,0,0,False,0.0,-86.2,0.0,0.0,0.0,ROTATION_INVALID
C015,C005,500,500,0,0,0,False,0.0,-81.3,0.0,0.0,0.0,ROTATION_INVALID
C015,C006,500,500,0,0,0,False,0.0,-73.7,0.0,0.0,0.0,ROTATION_INVALID
C015,C007,500,500,0,0,0,False,0.0,-63.7,0.0,0.0,0.0,ROTATION_INVALID
C015,C008,500,500,0,0,0,False,0.0,-55.5,0.0,0.0,0.0,ROTATION_INVALID
C015,C009,500,500,0,0,0,False,0.0,-48.8,0.0,0.0,0.0,ROTATION_INVALID
C015,C010,500,500,1,1,0,False,0.0,-40.2,0.0,0.0,0.0,ROTATION_INVALID
C015,C011,500,500,2,2,0,False,0.0,-34.3,0.0,0.0,0.0,ROTATION_INVALID
C015,C012,500,500,3,3,0,False,0.0,-30.0,0.0,0.0,0.0,ROTATION_INVALID
C015,C013,500,500,8,8,7,True,0.673076923076923,-24.0,15.54,219.77,39.54,ROTATION_INVALID
C015,C014,500,500,28,28,21,True,1.2804878048780488,-13.4,15.96,614.8,29.36,ROTATION_SUSPICIOUS
C015,C015,500,500,500,500,500,True,3.0,0.0,0.0,0.0,0.0,ROTATION_CONSISTENT
C015,C016,500,500,36,36,34,True,1.8085106382978726,5.3,-6.84,29.9,12.14,ROTATION_SUSPICIOUS
C015,C017,500,500,11,11,9,True,0.7964601769911503,11.2,-27.7,179.61,38.9,ROTATION_INVALID
C015,C018,500,500,5,5,0,False,0.0,21.6,0.0,0.0,0.0,ROTATION_INVALID
C015,C019,500,500,1,1,0,False,0.0,28.2,0.0,0.0,0.0,ROTATION_INVALID
C015,C020,500,500,0,0,0,False,0.0,36.9,0.0,0.0,0.0,ROTATION_INVALID
C015,C021,500,500,0,0,0,False,0.0,48.1,0.0,0.0,0.0,ROTATION_INVALID
C015,C022,500,500,0,0,0,False,0.0,62.7,0.0,0.0,0.0,ROTATION_INVALID
C015,C023,500,500,0,0,0,False,0.0,78.4,0.0,0.0,0.0,ROTATION_INVALID
C015,C024,500,500,0,0,0,False,0.0,83.3,0.0,0.0,0.0,ROTATION_INVALID
C015,C025,500,500,0,0,0,False,0.0,88.7,0.0,0.0,0.0,ROTATION_INVALID
C015,C026,500,500,0,0,0,False,0.0,93.5,0.0,0.0,0.0,ROTATION_INVALID
C015,C027,500,500,0,0,0,False,0.0,105.4,0.0,0.0,0.0,ROTATION_INVALID
C015,C028,500,500,0,0,0,False,0.0,115.0,0.0,0.0,0.0,ROTATION_INVALID
C015,C029,500,500,0,0,0,False,0.0,124.6,0.0,0.0,0.0,ROTATION_INVALID
C015,C030,500,500,0,0,0,False,0.0,132.7,0.0,0.0,0.0,ROTATION_INVALID
C015,C031,500,500,0,0,0,False,0.0,148.2,0.0,0.0,0.0,ROTATION_INVALID
C015,C032,500,500,0,0,0,False,0.0,158.1,0.0,0.0,0.0,ROTATION_INVALID
C015,C033,500,500,0,0,0,False,0.0,164.7,0.0,0.0,0.0,ROTATION_INVALID
C015,C034,500,500,0,0,0,False,0.0,168.9,0.0,0.0,0.0,ROTATION_INVALID
C015,C035,500,500,0,0,0,False,0.0,173.1,0.0,0.0,0.0,ROTATION_INVALID
C015,C036,500,500,0,0,0,False,0.0,-179.7,0.0,0.0,0.0,ROTATION_INVALID
C015,C037,500,500,0,0,0,False,0.0,-171.1,0.0,0.0,0.0,ROTATION_INVALID
C015,C038,500,500,0,0,0,False,0.0,-162.6,0.0,0.0,0.0,ROTATION_INVALID
C015,C039,500,500,0,0,0,False,0.0,-152.7,0.0,0.0,0.0,ROTATION_INVALID
C015,C040,500,500,0,0,0,False,0.0,-142.5,0.0,0.0,0.0,ROTATION_INVALID
C015,C041,500,500,0,0,0,False,0.0,-133.5,0.0,0.0,0.0,ROTATION_INVALID
C015,C042,500,500,0,0,0,False,0.0,-125.2,0.0,0.0,0.0,ROTATION_INVALID
C015,C043,500,500,0,0,0,False,0.0,-115.7,0.0,0.0,0.0,ROTATION_INVALID
C016,C001,500,500,0,0,0,False,0.0,-111.4,0.0,0.0,0.0,ROTATION_INVALID
C016,C002,500,500,0,0,0,False,0.0,-107.2,0.0,0.0,0.0,ROTATION_INVALID
C016,C003,500,500,0,0,0,False,0.0,-102.9,0.0,0.0,0.0,ROTATION_INVALID
C016,C004,500,500,0,0,0,False,0.0,-91.5,0.0,0.0,0.0,ROTATION_INVALID
C016,C005,500,500,0,0,0,False,0.0,-86.6,0.0,0.0,0.0,ROTATION_INVALID
C016,C006,500,500,0,0,0,False,0.0,-79.0,0.0,0.0,0.0,ROTATION_INVALID
C016,C007,500,500,0,0,0,False,0.0,-69.0,0.0,0.0,0.0,ROTATION_INVALID
C016,C008,500,500,0,0,0,False,0.0,-60.8,0.0,0.0,0.0,ROTATION_INVALID
C016,C009,500,500,0,0,0,False,0.0,-54.1,0.0,0.0,0.0,ROTATION_INVALID
C016,C010,500,500,0,0,0,False,0.0,-45.5,0.0,0.0,0.0,ROTATION_INVALID
C016,C011,500,500,1,1,0,False,0.0,-39.6,0.0,0.0,0.0,ROTATION_INVALID
C016,C012,500,500,3,3,0,False,0.0,-35.3,0.0,0.0,0.0,ROTATION_INVALID
C016,C013,500,500,2,2,0,False,0.0,-29.3,0.0,0.0,0.0,ROTATION_INVALID
C016,C014,500,500,12,12,11,True,0.9482758620689655,-18.7,12.77,251.78,31.47,ROTATION_INVALID
C016,C015,500,500,36,36,34,True,1.8085106382978726,-5.3,6.95,33.83,12.25,ROTATION_SUSPICIOUS
C016,C016,500,500,500,500,500,True,3.0,0.0,0.0,0.0,0.0,ROTATION_CONSISTENT
C016,C017,500,500,16,16,15,True,1.171875,5.9,-18.52,121.67,24.42,ROTATION_SUSPICIOUS
C016,C018,500,500,8,8,7,True,0.673076923076923,16.3,-25.02,531.06,41.32,ROTATION_INVALID
C016,C019,500,500,0,0,0,False,0.0,22.9,0.0,0.0,0.0,ROTATION_INVALID
C016,C020,500,500,0,0,0,False,0.0,31.6,0.0,0.0,0.0,ROTATION_INVALID
C016,C021,500,500,0,0,0,False,0.0,42.8,0.0,0.0,0.0,ROTATION_INVALID
C016,C022,500,500,0,0,0,False,0.0,57.4,0.0,0.0,0.0,ROTATION_INVALID
C016,C023,500,500,0,0,0,False,0.0,73.1,0.0,0.0,0.0,ROTATION_INVALID
C016,C024,500,500,0,0,0,False,0.0,78.0,0.0,0.0,0.0,ROTATION_INVALID
C016,C025,500,500,0,0,0,False,0.0,83.4,0.0,0.0,0.0,ROTATION_INVALID
C016,C026,500,500,0,0,0,False,0.0,88.2,0.0,0.0,0.0,ROTATION_INVALID
C016,C027,500,500,0,0,0,False,0.0,100.1,0.0,0.0,0.0,ROTATION_INVALID
C016,C028,500,500,0,0,0,False,0.0,109.7,0.0,0.0,0.0,ROTATION_INVALID
C016,C029,500,500,0,0,0,False,0.0,119.3,0.0,0.0,0.0,ROTATION_INVALID
C016,C030,500,500,0,0,0,False,0.0,127.4,0.0,0.0,0.0,ROTATION_INVALID
C016,C031,500,500,0,0,0,False,0.0,142.9,0.0,0.0,0.0,ROTATION_INVALID
C016,C032,500,500,0,0,0,False,0.0,152.8,0.0,0.0,0.0,ROTATION_INVALID
C016,C033,500,500,0,0,0,False,0.0,159.4,0.0,0.0,0.0,ROTATION_INVALID
C016,C034,500,500,0,0,0,False,0.0,163.6,0.0,0.0,0.0,ROTATION_INVALID
C016,C035,500,500,0,0,0,False,0.0,167.8,0.0,0.0,0.0,ROTATION_INVALID
C016,C036,500,500,0,0,0,False,0.0,175.0,0.0,0.0,0.0,ROTATION_INVALID
C016,C037,500,500,0,0,0,False,0.0,-176.4,0.0,0.0,0.0,ROTATION_INVALID
C016,C038,500,500,0,0,0,False,0.0,-167.9,0.0,0.0,0.0,ROTATION_INVALID
C016,C039,500,500,0,0,0,False,0.0,-158.0,0.0,0.0,0.0,ROTATION_INVALID
C016,C040,500,500,0,0,0,False,0.0,-147.8,0.0,0.0,0.0,ROTATION_INVALID
C016,C041,500,500,0,0,0,False,0.0,-138.8,0.0,0.0,0.0,ROTATION_INVALID
C016,C042,500,500,0,0,0,False,0.0,-130.5,0.0,0.0,0.0,ROTATION_INVALID
C016,C043,500,500,0,0,0,False,0.0,-121.0,0.0,0.0,0.0,ROTATION_INVALID
C017,C001,500,500,0,0,0,False,0.0,-117.3,0.0,0.0,0.0,ROTATION_INVALID
C017,C002,500,500,0,0,0,False,0.0,-113.1,0.0,0.0,0.0,ROTATION_INVALID
C017,C003,500,500,0,0,0,False,0.0,-108.8,0.0,0.0,0.0,ROTATION_INVALID
C017,C004,500,500,0,0,0,False,0.0,-97.4,0.0,0.0,0.0,ROTATION_INVALID
C017,C005,500,500,0,0,0,False,0.0,-92.5,0.0,0.0,0.0,ROTATION_INVALID
C017,C006,500,500,0,0,0,False,0.0,-84.9,0.0,0.0,0.0,ROTATION_INVALID
C017,C007,500,500,0,0,0,False,0.0,-74.9,0.0,0.0,0.0,ROTATION_INVALID
C017,C008,500,500,0,0,0,False,0.0,-66.7,0.0,0.0,0.0,ROTATION_INVALID
C017,C009,500,500,0,0,0,False,0.0,-60.0,0.0,0.0,0.0,ROTATION_INVALID
C017,C010,500,500,0,0,0,False,0.0,-51.4,0.0,0.0,0.0,ROTATION_INVALID
C017,C011,500,500,0,0,0,False,0.0,-45.5,0.0,0.0,0.0,ROTATION_INVALID
C017,C012,500,500,0,0,0,False,0.0,-41.2,0.0,0.0,0.0,ROTATION_INVALID
C017,C013,500,500,3,3,0,False,0.0,-35.2,0.0,0.0,0.0,ROTATION_INVALID
C017,C014,500,500,2,2,0,False,0.0,-24.6,0.0,0.0,0.0,ROTATION_INVALID
C017,C015,500,500,11,11,9,True,0.7964601769911503,-11.2,31.58,417.52,42.78,ROTATION_INVALID
C017,C016,500,500,16,16,15,True,1.171875,-5.9,20.04,199.98,25.94,ROTATION_SUSPICIOUS
C017,C017,500,500,500,500,500,True,3.0,0.0,0.0,0.0,0.0,ROTATION_CONSISTENT
C017,C018,500,500,23,23,21,True,1.4093959731543626,10.4,-10.2,66.31,20.6,ROTATION_SUSPICIOUS
C017,C019,500,500,7,7,6,True,0.594059405940594,17.0,-34.15,186.64,51.15,ROTATION_INVALID
C017,C020,500,500,1,1,0,False,0.0,25.7,0.0,0.0,0.0,ROTATION_INVALID
C017,C021,500,500,1,1,0,False,0.0,36.9,0.0,0.0,0.0,ROTATION_INVALID
C017,C022,500,500,1,1,0,False,0.0,51.5,0.0,0.0,0.0,ROTATION_INVALID
C017,C023,500,500,0,0,0,False,0.0,67.2,0.0,0.0,0.0,ROTATION_INVALID
C017,C024,500,500,0,0,0,False,0.0,72.1,0.0,0.0,0.0,ROTATION_INVALID
C017,C025,500,500,1,1,0,False,0.0,77.5,0.0,0.0,0.0,ROTATION_INVALID
C017,C026,500,500,0,0,0,False,0.0,82.3,0.0,0.0,0.0,ROTATION_INVALID
C017,C027,500,500,0,0,0,False,0.0,94.2,0.0,0.0,0.0,ROTATION_INVALID
C017,C028,500,500,0,0,0,False,0.0,103.8,0.0,0.0,0.0,ROTATION_INVALID
C017,C029,500,500,0,0,0,False,0.0,113.4,0.0,0.0,0.0,ROTATION_INVALID
C017,C030,500,500,0,0,0,False,0.0,121.5,0.0,0.0,0.0,ROTATION_INVALID
C017,C031,500,500,0,0,0,False,0.0,137.0,0.0,0.0,0.0,ROTATION_INVALID
C017,C032,500,500,0,0,0,False,0.0,146.9,0.0,0.0,0.0,ROTATION_INVALID
C017,C033,500,500,0,0,0,False,0.0,153.5,0.0,0.0,0.0,ROTATION_INVALID
C017,C034,500,500,0,0,0,False,0.0,157.7,0.0,0.0,0.0,ROTATION_INVALID
C017,C035,500,500,0,0,0,False,0.0,161.9,0.0,0.0,0.0,ROTATION_INVALID
C017,C036,500,500,1,1,0,False,0.0,169.1,0.0,0.0,0.0,ROTATION_INVALID
C017,C037,500,500,0,0,0,False,0.0,177.7,0.0,0.0,0.0,ROTATION_INVALID
C017,C038,500,500,0,0,0,False,0.0,-173.8,0.0,0.0,0.0,ROTATION_INVALID
C017,C039,500,500,0,0,0,False,0.0,-163.9,0.0,0.0,0.0,ROTATION_INVALID
C017,C040,500,500,0,0,0,False,0.0,-153.7,0.0,0.0,0.0,ROTATION_INVALID
C017,C041,500,500,0,0,0,False,0.0,-144.7,0.0,0.0,0.0,ROTATION_INVALID
C017,C042,500,500,0,0,0,False,0.0,-136.4,0.0,0.0,0.0,ROTATION_INVALID
C017,C043,500,500,0,0,0,False,0.0,-126.9,0.0,0.0,0.0,ROTATION_INVALID
C018,C001,500,500,0,0,0,False,0.0,-127.7,0.0,0.0,0.0,ROTATION_INVALID
C018,C002,500,500,0,0,0,False,0.0,-123.5,0.0,0.0,0.0,ROTATION_INVALID
C018,C003,500,500,0,0,0,False,0.0,-119.2,0.0,0.0,0.0,ROTATION_INVALID
C018,C004,500,500,0,0,0,False,0.0,-107.8,0.0,0.0,0.0,ROTATION_INVALID
C018,C005,500,500,0,0,0,False,0.0,-102.9,0.0,0.0,0.0,ROTATION_INVALID
C018,C006,500,500,0,0,0,False,0.0,-95.3,0.0,0.0,0.0,ROTATION_INVALID
C018,C007,500,500,0,0,0,False,0.0,-85.3,0.0,0.0,0.0,ROTATION_INVALID
C018,C008,500,500,0,0,0,False,0.0,-77.1,0.0,0.0,0.0,ROTATION_INVALID
C018,C009,500,500,0,0,0,False,0.0,-70.4,0.0,0.0,0.0,ROTATION_INVALID
C018,C010,500,500,0,0,0,False,0.0,-61.8,0.0,0.0,0.0,ROTATION_INVALID
C018,C011,500,500,0,0,0,False,0.0,-55.9,0.0,0.0,0.0,ROTATION_INVALID
C018,C012,500,500,1,1,0,False,0.0,-51.6,0.0,0.0,0.0,ROTATION_INVALID
C018,C013,500,500,0,0,0,False,0.0,-45.6,0.0,0.0,0.0,ROTATION_INVALID
C018,C014,500,500,0,0,0,False,0.0,-35.0,0.0,0.0,0.0,ROTATION_INVALID
C018,C015,500,500,5,5,0,False,0.0,-21.6,0.0,0.0,0.0,ROTATION_INVALID
C018,C016,500,500,8,8,7,True,0.673076923076923,-16.3,50.48,728.74,66.78,ROTATION_INVALID
C018,C017,500,500,23,23,21,True,1.4093959731543626,-10.4,10.68,78.43,21.08,ROTATION_SUSPICIOUS
C018,C018,500,500,500,500,500,True,3.0,0.0,0.0,0.0,0.0,ROTATION_CONSISTENT
C018,C019,500,500,11,11,8,True,0.7079646017699115,6.6,-17.69,170.69,24.29,ROTATION_SUSPICIOUS
C018,C020,500,500,4,4,0,False,0.0,15.3,0.0,0.0,0.0,ROTATION_INVALID
C018,C021,500,500,1,1,0,False,0.0,26.5,0.0,0.0,0.0,ROTATION_INVALID
C018,C022,500,500,2,2,0,False,0.0,41.1,0.0,0.0,0.0,ROTATION_INVALID
C018,C023,500,500,2,2,0,False,0.0,56.8,0.0,0.0,0.0,ROTATION_INVALID
C018,C024,500,500,0,0,0,False,0.0,61.7,0.0,0.0,0.0,ROTATION_INVALID
C018,C025,500,500,0,0,0,False,0.0,67.1,0.0,0.0,0.0,ROTATION_INVALID
C018,C026,500,500,0,0,0,False,0.0,71.9,0.0,0.0,0.0,ROTATION_INVALID
C018,C027,500,500,0,0,0,False,0.0,83.8,0.0,0.0,0.0,ROTATION_INVALID
C018,C028,500,500,0,0,0,False,0.0,93.4,0.0,0.0,0.0,ROTATION_INVALID
C018,C029,500,500,0,0,0,False,0.0,103.0,0.0,0.0,0.0,ROTATION_INVALID
C018,C030,500,500,0,0,0,False,0.0,111.1,0.0,0.0,0.0,ROTATION_INVALID
C018,C031,500,500,0,0,0,False,0.0,126.6,0.0,0.0,0.0,ROTATION_INVALID
C018,C032,500,500,0,0,0,False,0.0,136.5,0.0,0.0,0.0,ROTATION_INVALID
C018,C033,500,500,0,0,0,False,0.0,143.1,0.0,0.0,0.0,ROTATION_INVALID
C018,C034,500,500,0,0,0,False,0.0,147.3,0.0,0.0,0.0,ROTATION_INVALID
C018,C035,500,500,0,0,0,False,0.0,151.5,0.0,0.0,0.0,ROTATION_INVALID
C018,C036,500,500,0,0,0,False,0.0,158.7,0.0,0.0,0.0,ROTATION_INVALID
C018,C037,500,500,0,0,0,False,0.0,167.3,0.0,0.0,0.0,ROTATION_INVALID
C018,C038,500,500,0,0,0,False,0.0,175.8,0.0,0.0,0.0,ROTATION_INVALID
C018,C039,500,500,0,0,0,False,0.0,-174.3,0.0,0.0,0.0,ROTATION_INVALID
C018,C040,500,500,0,0,0,False,0.0,-164.1,0.0,0.0,0.0,ROTATION_INVALID
C018,C041,500,500,0,0,0,False,0.0,-155.1,0.0,0.0,0.0,ROTATION_INVALID
C018,C042,500,500,0,0,0,False,0.0,-146.8,0.0,0.0,0.0,ROTATION_INVALID
C018,C043,500,500,0,0,0,False,0.0,-137.3,0.0,0.0,0.0,ROTATION_INVALID
C019,C001,500,500,0,0,0,False,0.0,-134.3,0.0,0.0,0.0,ROTATION_INVALID
C019,C002,500,500,0,0,0,False,0.0,-130.1,0.0,0.0,0.0,ROTATION_INVALID
C019,C003,500,500,0,0,0,False,0.0,-125.8,0.0,0.0,0.0,ROTATION_INVALID
C019,C004,500,500,0,0,0,False,0.0,-114.4,0.0,0.0,0.0,ROTATION_INVALID
C019,C005,500,500,0,0,0,False,0.0,-109.5,0.0,0.0,0.0,ROTATION_INVALID
C019,C006,500,500,0,0,0,False,0.0,-101.9,0.0,0.0,0.0,ROTATION_INVALID
C019,C007,500,500,0,0,0,False,0.0,-91.9,0.0,0.0,0.0,ROTATION_INVALID
C019,C008,500,500,0,0,0,False,0.0,-83.7,0.0,0.0,0.0,ROTATION_INVALID
C019,C009,500,500,0,0,0,False,0.0,-77.0,0.0,0.0,0.0,ROTATION_INVALID
C019,C010,500,500,0,0,0,False,0.0,-68.4,0.0,0.0,0.0,ROTATION_INVALID
C019,C011,500,500,0,0,0,False,0.0,-62.5,0.0,0.0,0.0,ROTATION_INVALID
C019,C012,500,500,0,0,0,False,0.0,-58.2,0.0,0.0,0.0,ROTATION_INVALID
C019,C013,500,500,0,0,0,False,0.0,-52.2,0.0,0.0,0.0,ROTATION_INVALID
C019,C014,500,500,0,0,0,False,0.0,-41.6,0.0,0.0,0.0,ROTATION_INVALID
C019,C015,500,500,1,1,0,False,0.0,-28.2,0.0,0.0,0.0,ROTATION_INVALID
C019,C016,500,500,0,0,0,False,0.0,-22.9,0.0,0.0,0.0,ROTATION_INVALID
C019,C017,500,500,7,7,6,True,0.594059405940594,-17.0,34.0,395.79,51.0,ROTATION_INVALID
C019,C018,500,500,11,11,8,True,0.7079646017699115,-6.6,18.66,366.48,25.26,ROTATION_SUSPICIOUS
C019,C019,500,500,500,500,500,True,3.0,0.0,0.0,0.0,0.0,ROTATION_CONSISTENT
C019,C020,500,500,11,11,9,True,0.7964601769911503,8.7,-15.41,139.87,24.11,ROTATION_SUSPICIOUS
C019,C021,500,500,6,6,6,True,0.6122448979591836,19.9,-12.44,832.0,32.34,ROTATION_INVALID
C019,C022,500,500,4,4,0,False,0.0,34.5,0.0,0.0,0.0,ROTATION_INVALID
C019,C023,500,500,2,2,0,False,0.0,50.2,0.0,0.0,0.0,ROTATION_INVALID
C019,C024,500,500,2,2,0,False,0.0,55.1,0.0,0.0,0.0,ROTATION_INVALID
C019,C025,500,500,0,0,0,False,0.0,60.5,0.0,0.0,0.0,ROTATION_INVALID
C019,C026,500,500,0,0,0,False,0.0,65.3,0.0,0.0,0.0,ROTATION_INVALID
C019,C027,500,500,0,0,0,False,0.0,77.2,0.0,0.0,0.0,ROTATION_INVALID
C019,C028,500,500,0,0,0,False,0.0,86.8,0.0,0.0,0.0,ROTATION_INVALID
C019,C029,500,500,0,0,0,False,0.0,96.4,0.0,0.0,0.0,ROTATION_INVALID
C019,C030,500,500,0,0,0,False,0.0,104.5,0.0,0.0,0.0,ROTATION_INVALID
C019,C031,500,500,0,0,0,False,0.0,120.0,0.0,0.0,0.0,ROTATION_INVALID
C019,C032,500,500,0,0,0,False,0.0,129.9,0.0,0.0,0.0,ROTATION_INVALID
C019,C033,500,500,0,0,0,False,0.0,136.5,0.0,0.0,0.0,ROTATION_INVALID
C019,C034,500,500,0,0,0,False,0.0,140.7,0.0,0.0,0.0,ROTATION_INVALID
C019,C035,500,500,0,0,0,False,0.0,144.9,0.0,0.0,0.0,ROTATION_INVALID
C019,C036,500,500,0,0,0,False,0.0,152.1,0.0,0.0,0.0,ROTATION_INVALID
C019,C037,500,500,0,0,0,False,0.0,160.7,0.0,0.0,0.0,ROTATION_INVALID
C019,C038,500,500,0,0,0,False,0.0,169.2,0.0,0.0,0.0,ROTATION_INVALID
C019,C039,500,500,0,0,0,False,0.0,179.1,0.0,0.0,0.0,ROTATION_INVALID
C019,C040,500,500,0,0,0,False,0.0,-170.7,0.0,0.0,0.0,ROTATION_INVALID
C019,C041,500,500,0,0,0,False,0.0,-161.7,0.0,0.0,0.0,ROTATION_INVALID
C019,C042,500,500,0,0,0,False,0.0,-153.4,0.0,0.0,0.0,ROTATION_INVALID
C019,C043,500,500,0,0,0,False,0.0,-143.9,0.0,0.0,0.0,ROTATION_INVALID
C020,C001,500,500,0,0,0,False,0.0,-143,0.0,0.0,0.0,ROTATION_INVALID
C020,C002,500,500,0,0,0,False,0.0,-138.8,0.0,0.0,0.0,ROTATION_INVALID
C020,C003,500,500,0,0,0,False,0.0,-134.5,0.0,0.0,0.0,ROTATION_INVALID
C020,C004,500,500,0,0,0,False,0.0,-123.1,0.0,0.0,0.0,ROTATION_INVALID
C020,C005,500,500,0,0,0,False,0.0,-118.2,0.0,0.0,0.0,ROTATION_INVALID
C020,C006,500,500,0,0,0,False,0.0,-110.6,0.0,0.0,0.0,ROTATION_INVALID
C020,C007,500,500,0,0,0,False,0.0,-100.6,0.0,0.0,0.0,ROTATION_INVALID
C020,C008,500,500,0,0,0,False,0.0,-92.4,0.0,0.0,0.0,ROTATION_INVALID
C020,C009,500,500,0,0,0,False,0.0,-85.7,0.0,0.0,0.0,ROTATION_INVALID
C020,C010,500,500,0,0,0,False,0.0,-77.1,0.0,0.0,0.0,ROTATION_INVALID
C020,C011,500,500,0,0,0,False,0.0,-71.2,0.0,0.0,0.0,ROTATION_INVALID
C020,C012,500,500,0,0,0,False,0.0,-66.9,0.0,0.0,0.0,ROTATION_INVALID
C020,C013,500,500,0,0,0,False,0.0,-60.9,0.0,0.0,0.0,ROTATION_INVALID
C020,C014,500,500,0,0,0,False,0.0,-50.3,0.0,0.0,0.0,ROTATION_INVALID
C020,C015,500,500,0,0,0,False,0.0,-36.9,0.0,0.0,0.0,ROTATION_INVALID
C020,C016,500,500,0,0,0,False,0.0,-31.6,0.0,0.0,0.0,ROTATION_INVALID
C020,C017,500,500,1,1,0,False,0.0,-25.7,0.0,0.0,0.0,ROTATION_INVALID
C020,C018,500,500,4,4,0,False,0.0,-15.3,0.0,0.0,0.0,ROTATION_INVALID
C020,C019,500,500,11,11,9,True,0.7964601769911503,-8.7,15.22,242.7,23.92,ROTATION_SUSPICIOUS
C020,C020,500,500,500,500,500,True,3.0,0.0,0.0,0.0,0.0,ROTATION_CONSISTENT
C020,C021,500,500,53,53,42,True,1.7573221757322177,11.2,-5.63,25.65,16.83,ROTATION_SUSPICIOUS
C020,C022,500,500,17,17,12,True,0.916030534351145,25.8,-16.64,122.73,42.44,ROTATION_INVALID
C020,C023,500,500,7,7,6,True,0.594059405940594,41.5,-16.88,692.71,58.38,ROTATION_INVALID
C020,C024,500,500,5,5,0,False,0.0,46.4,0.0,0.0,0.0,ROTATION_INVALID
C020,C025,500,500,4,4,0,False,0.0,51.8,0.0,0.0,0.0,ROTATION_INVALID
C020,C026,500,500,0,0,0,False,0.0,56.6,0.0,0.0,0.0,ROTATION_INVALID
C020,C027,500,500,0,0,0,False,0.0,68.5,0.0,0.0,0.0,ROTATION_INVALID
C020,C028,500,500,0,0,0,False,0.0,78.1,0.0,0.0,0.0,ROTATION_INVALID
C020,C029,500,500,0,0,0,False,0.0,87.7,0.0,0.0,0.0,ROTATION_INVALID
C020,C030,500,500,0,0,0,False,0.0,95.8,0.0,0.0,0.0,ROTATION_INVALID
C020,C031,500,500,0,0,0,False,0.0,111.3,0.0,0.0,0.0,ROTATION_INVALID
C020,C032,500,500,0,0,0,False,0.0,121.2,0.0,0.0,0.0,ROTATION_INVALID
C020,C033,500,500,0,0,0,False,0.0,127.8,0.0,0.0,0.0,ROTATION_INVALID
C020,C034,500,500,0,0,0,False,0.0,132,0.0,0.0,0.0,ROTATION_INVALID
C020,C035,500,500,0,0,0,False,0.0,136.2,0.0,0.0,0.0,ROTATION_INVALID
C020,C036,500,500,0,0,0,False,0.0,143.4,0.0,0.0,0.0,ROTATION_INVALID
C020,C037,500,500,0,0,0,False,0.0,152,0.0,0.0,0.0,ROTATION_INVALID
C020,C038,500,500,0,0,0,False,0.0,160.5,0.0,0.0,0.0,ROTATION_INVALID
C020,C039,500,500,0,0,0,False,0.0,170.4,0.0,0.0,0.0,ROTATION_INVALID
C020,C040,500,500,0,0,0,False,0.0,-179.4,0.0,0.0,0.0,ROTATION_INVALID
C020,C041,500,500,0,0,0,False,0.0,-170.4,0.0,0.0,0.0,ROTATION_INVALID
C020,C042,500,500,0,0,0,False,0.0,-162.1,0.0,0.0,0.0,ROTATION_INVALID
C020,C043,500,500,0,0,0,False,0.0,-152.6,0.0,0.0,0.0,ROTATION_INVALID
C021,C001,500,500,0,0,0,False,0.0,-154.2,0.0,0.0,0.0,ROTATION_INVALID
C021,C002,500,500,0,0,0,False,0.0,-150.0,0.0,0.0,0.0,ROTATION_INVALID
C021,C003,500,500,0,0,0,False,0.0,-145.7,0.0,0.0,0.0,ROTATION_INVALID
C021,C004,500,500,0,0,0,False,0.0,-134.3,0.0,0.0,0.0,ROTATION_INVALID
C021,C005,500,500,0,0,0,False,0.0,-129.4,0.0,0.0,0.0,ROTATION_INVALID
C021,C006,500,500,0,0,0,False,0.0,-121.8,0.0,0.0,0.0,ROTATION_INVALID
C021,C007,500,500,0,0,0,False,0.0,-111.8,0.0,0.0,0.0,ROTATION_INVALID
C021,C008,500,500,0,0,0,False,0.0,-103.6,0.0,0.0,0.0,ROTATION_INVALID
C021,C009,500,500,0,0,0,False,0.0,-96.9,0.0,0.0,0.0,ROTATION_INVALID
C021,C010,500,500,0,0,0,False,0.0,-88.3,0.0,0.0,0.0,ROTATION_INVALID
C021,C011,500,500,0,0,0,False,0.0,-82.4,0.0,0.0,0.0,ROTATION_INVALID
C021,C012,500,500,0,0,0,False,0.0,-78.1,0.0,0.0,0.0,ROTATION_INVALID
C021,C013,500,500,0,0,0,False,0.0,-72.1,0.0,0.0,0.0,ROTATION_INVALID
C021,C014,500,500,0,0,0,False,0.0,-61.5,0.0,0.0,0.0,ROTATION_INVALID
C021,C015,500,500,0,0,0,False,0.0,-48.1,0.0,0.0,0.0,ROTATION_INVALID
C021,C016,500,500,0,0,0,False,0.0,-42.8,0.0,0.0,0.0,ROTATION_INVALID
C021,C017,500,500,1,1,0,False,0.0,-36.9,0.0,0.0,0.0,ROTATION_INVALID
C021,C018,500,500,1,1,0,False,0.0,-26.5,0.0,0.0,0.0,ROTATION_INVALID
C021,C019,500,500,6,6,6,True,0.6122448979591836,-19.9,-22.13,447.37,2.23,ROTATION_INVALID
C021,C020,500,500,53,53,42,True,1.7573221757322177,-11.2,5.7,27.31,16.9,ROTATION_SUSPICIOUS
C021,C021,500,500,500,500,500,True,3.0,0.0,0.0,0.0,0.0,ROTATION_CONSISTENT
C021,C022,500,500,32,32,28,True,1.5909090909090908,14.6,-10.42,70.83,25.02,ROTATION_SUSPICIOUS
C021,C023,500,500,7,7,7,True,0.6930693069306931,30.3,-17.99,75.72,48.29,ROTATION_INVALID
C021,C024,500,500,1,1,0,False,0.0,35.2,0.0,0.0,0.0,ROTATION_INVALID
C021,C025,500,500,1,1,0,False,0.0,40.6,0.0,0.0,0.0,ROTATION_INVALID
C021,C026,500,500,0,0,0,False,0.0,45.4,0.0,0.0,0.0,ROTATION_INVALID
C021,C027,500,500,0,0,0,False,0.0,57.3,0.0,0.0,0.0,ROTATION_INVALID
C021,C028,500,500,1,1,0,False,0.0,66.9,0.0,0.0,0.0,ROTATION_INVALID
C021,C029,500,500,0,0,0,False,0.0,76.5,0.0,0.0,0.0,ROTATION_INVALID
C021,C030,500,500,0,0,0,False,0.0,84.6,0.0,0.0,0.0,ROTATION_INVALID
C021,C031,500,500,0,0,0,False,0.0,100.1,0.0,0.0,0.0,ROTATION_INVALID
C021,C032,500,500,0,0,0,False,0.0,110.0,0.0,0.0,0.0,ROTATION_INVALID
C021,C033,500,500,1,1,0,False,0.0,116.6,0.0,0.0,0.0,ROTATION_INVALID
C021,C034,500,500,0,0,0,False,0.0,120.8,0.0,0.0,0.0,ROTATION_INVALID
C021,C035,500,500,0,0,0,False,0.0,125.0,0.0,0.0,0.0,ROTATION_INVALID
C021,C036,500,500,0,0,0,False,0.0,132.2,0.0,0.0,0.0,ROTATION_INVALID
C021,C037,500,500,0,0,0,False,0.0,140.8,0.0,0.0,0.0,ROTATION_INVALID
C021,C038,500,500,0,0,0,False,0.0,149.3,0.0,0.0,0.0,ROTATION_INVALID
C021,C039,500,500,0,0,0,False,0.0,159.2,0.0,0.0,0.0,ROTATION_INVALID
C021,C040,500,500,0,0,0,False,0.0,169.4,0.0,0.0,0.0,ROTATION_INVALID
C021,C041,500,500,0,0,0,False,0.0,178.4,0.0,0.0,0.0,ROTATION_INVALID
C021,C042,500,500,0,0,0,False,0.0,-173.3,0.0,0.0,0.0,ROTATION_INVALID
C021,C043,500,500,0,0,0,False,0.0,-163.8,0.0,0.0,0.0,ROTATION_INVALID
C022,C001,500,500,0,0,0,False,0.0,-168.8,0.0,0.0,0.0,ROTATION_INVALID
C022,C002,500,500,0,0,0,False,0.0,-164.6,0.0,0.0,0.0,ROTATION_INVALID
C022,C003,500,500,0,0,0,False,0.0,-160.3,0.0,0.0,0.0,ROTATION_INVALID
C022,C004,500,500,0,0,0,False,0.0,-148.9,0.0,0.0,0.0,ROTATION_INVALID
C022,C005,500,500,0,0,0,False,0.0,-144.0,0.0,0.0,0.0,ROTATION_INVALID
C022,C006,500,500,0,0,0,False,0.0,-136.4,0.0,0.0,0.0,ROTATION_INVALID
C022,C007,500,500,0,0,0,False,0.0,-126.4,0.0,0.0,0.0,ROTATION_INVALID
C022,C008,500,500,0,0,0,False,0.0,-118.2,0.0,0.0,0.0,ROTATION_INVALID
C022,C009,500,500,0,0,0,False,0.0,-111.5,0.0,0.0,0.0,ROTATION_INVALID
C022,C010,500,500,0,0,0,False,0.0,-102.9,0.0,0.0,0.0,ROTATION_INVALID
C022,C011,500,500,0,0,0,False,0.0,-97.0,0.0,0.0,0.0,ROTATION_INVALID
C022,C012,500,500,0,0,0,False,0.0,-92.7,0.0,0.0,0.0,ROTATION_INVALID
C022,C013,500,500,0,0,0,False,0.0,-86.7,0.0,0.0,0.0,ROTATION_INVALID
C022,C014,500,500,0,0,0,False,0.0,-76.1,0.0,0.0,0.0,ROTATION_INVALID
C022,C015,500,500,0,0,0,False,0.0,-62.7,0.0,0.0,0.0,ROTATION_INVALID
C022,C016,500,500,0,0,0,False,0.0,-57.4,0.0,0.0,0.0,ROTATION_INVALID
C022,C017,500,500,1,1,0,False,0.0,-51.5,0.0,0.0,0.0,ROTATION_INVALID
C022,C018,500,500,2,2,0,False,0.0,-41.1,0.0,0.0,0.0,ROTATION_INVALID
C022,C019,500,500,4,4,0,False,0.0,-34.5,0.0,0.0,0.0,ROTATION_INVALID
C022,C020,500,500,17,17,12,True,0.916030534351145,-25.8,18.37,198.35,44.17,ROTATION_INVALID
C022,C021,500,500,32,32,28,True,1.5909090909090908,-14.6,11.08,90.15,25.68,ROTATION_SUSPICIOUS
C022,C022,500,500,500,500,500,True,3.0,0.0,0.0,0.0,0.0,ROTATION_CONSISTENT
C022,C023,500,500,25,25,23,True,1.4838709677419355,15.7,-11.25,56.42,26.95,ROTATION_SUSPICIOUS
C022,C024,500,500,10,10,9,True,0.8181818181818182,20.6,-18.65,121.61,39.25,ROTATION_INVALID
C022,C025,500,500,1,1,0,False,0.0,26.0,0.0,0.0,0.0,ROTATION_INVALID
C022,C026,500,500,2,2,0,False,0.0,30.8,0.0,0.0,0.0,ROTATION_INVALID
C022,C027,500,500,1,1,0,False,0.0,42.7,0.0,0.0,0.0,ROTATION_INVALID
C022,C028,500,500,0,0,0,False,0.0,52.3,0.0,0.0,0.0,ROTATION_INVALID
C022,C029,500,500,0,0,0,False,0.0,61.9,0.0,0.0,0.0,ROTATION_INVALID
C022,C030,500,500,0,0,0,False,0.0,70.0,0.0,0.0,0.0,ROTATION_INVALID
C022,C031,500,500,0,0,0,False,0.0,85.5,0.0,0.0,0.0,ROTATION_INVALID
C022,C032,500,500,0,0,0,False,0.0,95.4,0.0,0.0,0.0,ROTATION_INVALID
C022,C033,500,500,1,1,0,False,0.0,102.0,0.0,0.0,0.0,ROTATION_INVALID
C022,C034,500,500,0,0,0,False,0.0,106.2,0.0,0.0,0.0,ROTATION_INVALID
C022,C035,500,500,0,0,0,False,0.0,110.4,0.0,0.0,0.0,ROTATION_INVALID
C022,C036,500,500,0,0,0,False,0.0,117.6,0.0,0.0,0.0,ROTATION_INVALID
C022,C037,500,500,0,0,0,False,0.0,126.2,0.0,0.0,0.0,ROTATION_INVALID
C022,C038,500,500,0,0,0,False,0.0,134.7,0.0,0.0,0.0,ROTATION_INVALID
C022,C039,500,500,0,0,0,False,0.0,144.6,0.0,0.0,0.0,ROTATION_INVALID
C022,C040,500,500,0,0,0,False,0.0,154.8,0.0,0.0,0.0,ROTATION_INVALID
C022,C041,500,500,0,0,0,False,0.0,163.8,0.0,0.0,0.0,ROTATION_INVALID
C022,C042,500,500,0,0,0,False,0.0,172.1,0.0,0.0,0.0,ROTATION_INVALID
C022,C043,500,500,0,0,0,False,0.0,-178.4,0.0,0.0,0.0,ROTATION_INVALID
C023,C001,500,500,0,0,0,False,0.0,175.5,0.0,0.0,0.0,ROTATION_INVALID
C023,C002,500,500,0,0,0,False,0.0,179.7,0.0,0.0,0.0,ROTATION_INVALID
C023,C003,500,500,0,0,0,False,0.0,-176.0,0.0,0.0,0.0,ROTATION_INVALID
C023,C004,500,500,0,0,0,False,0.0,-164.6,0.0,0.0,0.0,ROTATION_INVALID
C023,C005,500,500,0,0,0,False,0.0,-159.7,0.0,0.0,0.0,ROTATION_INVALID
C023,C006,500,500,0,0,0,False,0.0,-152.1,0.0,0.0,0.0,ROTATION_INVALID
C023,C007,500,500,0,0,0,False,0.0,-142.1,0.0,0.0,0.0,ROTATION_INVALID
C023,C008,500,500,0,0,0,False,0.0,-133.9,0.0,0.0,0.0,ROTATION_INVALID
C023,C009,500,500,0,0,0,False,0.0,-127.2,0.0,0.0,0.0,ROTATION_INVALID
C023,C010,500,500,0,0,0,False,0.0,-118.6,0.0,0.0,0.0,ROTATION_INVALID
C023,C011,500,500,0,0,0,False,0.0,-112.7,0.0,0.0,0.0,ROTATION_INVALID
C023,C012,500,500,0,0,0,False,0.0,-108.4,0.0,0.0,0.0,ROTATION_INVALID
C023,C013,500,500,0,0,0,False,0.0,-102.4,0.0,0.0,0.0,ROTATION_INVALID
C023,C014,500,500,0,0,0,False,0.0,-91.8,0.0,0.0,0.0,ROTATION_INVALID
C023,C015,500,500,0,0,0,False,0.0,-78.4,0.0,0.0,0.0,ROTATION_INVALID
C023,C016,500,500,0,0,0,False,0.0,-73.1,0.0,0.0,0.0,ROTATION_INVALID
C023,C017,500,500,0,0,0,False,0.0,-67.2,0.0,0.0,0.0,ROTATION_INVALID
C023,C018,500,500,2,2,0,False,0.0,-56.8,0.0,0.0,0.0,ROTATION_INVALID
C023,C019,500,500,2,2,0,False,0.0,-50.2,0.0,0.0,0.0,ROTATION_INVALID
C023,C020,500,500,7,7,6,True,0.594059405940594,-41.5,-31.34,539.85,10.16,ROTATION_INVALID
C023,C021,500,500,7,7,7,True,0.6930693069306931,-30.3,19.6,93.25,49.9,ROTATION_INVALID
C023,C022,500,500,25,25,23,True,1.4838709677419355,-15.7,11.61,66.81,27.31,ROTATION_SUSPICIOUS
C023,C023,500,500,500,500,500,True,3.0,0.0,0.0,0.0,0.0,ROTATION_CONSISTENT
C023,C024,500,500,29,29,29,True,1.7365269461077846,4.9,-9.48,67.31,14.38,ROTATION_SUSPICIOUS
C023,C025,500,500,7,7,6,True,0.594059405940594,10.3,-13.28,53.16,23.58,ROTATION_SUSPICIOUS
C023,C026,500,500,7,7,7,True,0.6930693069306931,15.1,-23.9,137.12,39.0,ROTATION_INVALID
C023,C027,500,500,1,1,0,False,0.0,27.0,0.0,0.0,0.0,ROTATION_INVALID
C023,C028,500,500,3,3,0,False,0.0,36.6,0.0,0.0,0.0,ROTATION_INVALID
C023,C029,500,500,0,0,0,False,0.0,46.2,0.0,0.0,0.0,ROTATION_INVALID
C023,C030,500,500,0,0,0,False,0.0,54.3,0.0,0.0,0.0,ROTATION_INVALID
C023,C031,500,500,0,0,0,False,0.0,69.8,0.0,0.0,0.0,ROTATION_INVALID
C023,C032,500,500,0,0,0,False,0.0,79.7,0.0,0.0,0.0,ROTATION_INVALID
C023,C033,500,500,1,1,0,False,0.0,86.3,0.0,0.0,0.0,ROTATION_INVALID
C023,C034,500,500,0,0,0,False,0.0,90.5,0.0,0.0,0.0,ROTATION_INVALID
C023,C035,500,500,0,0,0,False,0.0,94.7,0.0,0.0,0.0,ROTATION_INVALID
C023,C036,500,500,0,0,0,False,0.0,101.9,0.0,0.0,0.0,ROTATION_INVALID
C023,C037,500,500,0,0,0,False,0.0,110.5,0.0,0.0,0.0,ROTATION_INVALID
C023,C038,500,500,0,0,0,False,0.0,119.0,0.0,0.0,0.0,ROTATION_INVALID
C023,C039,500,500,0,0,0,False,0.0,128.9,0.0,0.0,0.0,ROTATION_INVALID
C023,C040,500,500,0,0,0,False,0.0,139.1,0.0,0.0,0.0,ROTATION_INVALID
C023,C041,500,500,0,0,0,False,0.0,148.1,0.0,0.0,0.0,ROTATION_INVALID
C023,C042,500,500,0,0,0,False,0.0,156.4,0.0,0.0,0.0,ROTATION_INVALID
C023,C043,500,500,0,0,0,False,0.0,165.9,0.0,0.0,0.0,ROTATION_INVALID
C024,C001,500,500,0,0,0,False,0.0,170.6,0.0,0.0,0.0,ROTATION_INVALID
C024,C002,500,500,0,0,0,False,0.0,174.8,0.0,0.0,0.0,ROTATION_INVALID
C024,C003,500,500,0,0,0,False,0.0,179.1,0.0,0.0,0.0,ROTATION_INVALID
C024,C004,500,500,0,0,0,False,0.0,-169.5,0.0,0.0,0.0,ROTATION_INVALID
C024,C005,500,500,0,0,0,False,0.0,-164.6,0.0,0.0,0.0,ROTATION_INVALID
C024,C006,500,500,0,0,0,False,0.0,-157.0,0.0,0.0,0.0,ROTATION_INVALID
C024,C007,500,500,0,0,0,False,0.0,-147.0,0.0,0.0,0.0,ROTATION_INVALID
C024,C008,500,500,0,0,0,False,0.0,-138.8,0.0,0.0,0.0,ROTATION_INVALID
C024,C009,500,500,0,0,0,False,0.0,-132.1,0.0,0.0,0.0,ROTATION_INVALID
C024,C010,500,500,0,0,0,False,0.0,-123.5,0.0,0.0,0.0,ROTATION_INVALID
C024,C011,500,500,0,0,0,False,0.0,-117.6,0.0,0.0,0.0,ROTATION_INVALID
C024,C012,500,500,0,0,0,False,0.0,-113.3,0.0,0.0,0.0,ROTATION_INVALID
C024,C013,500,500,0,0,0,False,0.0,-107.3,0.0,0.0,0.0,ROTATION_INVALID
C024,C014,500,500,0,0,0,False,0.0,-96.7,0.0,0.0,0.0,ROTATION_INVALID
C024,C015,500,500,0,0,0,False,0.0,-83.3,0.0,0.0,0.0,ROTATION_INVALID
C024,C016,500,500,0,0,0,False,0.0,-78.0,0.0,0.0,0.0,ROTATION_INVALID
C024,C017,500,500,0,0,0,False,0.0,-72.1,0.0,0.0,0.0,ROTATION_INVALID
C024,C018,500,500,0,0,0,False,0.0,-61.7,0.0,0.0,0.0,ROTATION_INVALID
C024,C019,500,500,2,2,0,False,0.0,-55.1,0.0,0.0,0.0,ROTATION_INVALID
C024,C020,500,500,5,5,0,False,0.0,-46.4,0.0,0.0,0.0,ROTATION_INVALID
C024,C021,500,500,1,1,0,False,0.0,-35.2,0.0,0.0,0.0,ROTATION_INVALID
C024,C022,500,500,10,10,9,True,0.8181818181818182,-20.6,20.55,188.8,41.15,ROTATION_INVALID
C024,C023,500,500,29,29,29,True,1.7365269461077846,-4.9,9.91,84.46,14.81,ROTATION_SUSPICIOUS
C024,C024,500,500,500,500,500,True,3.0,0.0,0.0,0.0,0.0,ROTATION_CONSISTENT
C024,C025,500,500,53,53,52,True,2.175732217573222,5.4,-7.52,54.56,12.92,ROTATION_SUSPICIOUS
C024,C026,500,500,5,5,0,False,0.0,10.2,0.0,0.0,0.0,ROTATION_INVALID
C024,C027,500,500,2,2,0,False,0.0,22.1,0.0,0.0,0.0,ROTATION_INVALID
C024,C028,500,500,1,1,0,False,0.0,31.7,0.0,0.0,0.0,ROTATION_INVALID
C024,C029,500,500,0,0,0,False,0.0,41.3,0.0,0.0,0.0,ROTATION_INVALID
C024,C030,500,500,0,0,0,False,0.0,49.4,0.0,0.0,0.0,ROTATION_INVALID
C024,C031,500,500,0,0,0,False,0.0,64.9,0.0,0.0,0.0,ROTATION_INVALID
C024,C032,500,500,0,0,0,False,0.0,74.8,0.0,0.0,0.0,ROTATION_INVALID
C024,C033,500,500,0,0,0,False,0.0,81.4,0.0,0.0,0.0,ROTATION_INVALID
C024,C034,500,500,0,0,0,False,0.0,85.6,0.0,0.0,0.0,ROTATION_INVALID
C024,C035,500,500,0,0,0,False,0.0,89.8,0.0,0.0,0.0,ROTATION_INVALID
C024,C036,500,500,0,0,0,False,0.0,97.0,0.0,0.0,0.0,ROTATION_INVALID
C024,C037,500,500,0,0,0,False,0.0,105.6,0.0,0.0,0.0,ROTATION_INVALID
C024,C038,500,500,0,0,0,False,0.0,114.1,0.0,0.0,0.0,ROTATION_INVALID
C024,C039,500,500,0,0,0,False,0.0,124.0,0.0,0.0,0.0,ROTATION_INVALID
C024,C040,500,500,0,0,0,False,0.0,134.2,0.0,0.0,0.0,ROTATION_INVALID
C024,C041,500,500,0,0,0,False,0.0,143.2,0.0,0.0,0.0,ROTATION_INVALID
C024,C042,500,500,0,0,0,False,0.0,151.5,0.0,0.0,0.0,ROTATION_INVALID
C024,C043,500,500,0,0,0,False,0.0,161.0,0.0,0.0,0.0,ROTATION_INVALID
C025,C001,500,500,0,0,0,False,0.0,165.2,0.0,0.0,0.0,ROTATION_INVALID
C025,C002,500,500,0,0,0,False,0.0,169.4,0.0,0.0,0.0,ROTATION_INVALID
C025,C003,500,500,0,0,0,False,0.0,173.7,0.0,0.0,0.0,ROTATION_INVALID
C025,C004,500,500,1,1,0,False,0.0,-174.9,0.0,0.0,0.0,ROTATION_INVALID
C025,C005,500,500,0,0,0,False,0.0,-170.0,0.0,0.0,0.0,ROTATION_INVALID
C025,C006,500,500,0,0,0,False,0.0,-162.4,0.0,0.0,0.0,ROTATION_INVALID
C025,C007,500,500,0,0,0,False,0.0,-152.4,0.0,0.0,0.0,ROTATION_INVALID
C025,C008,500,500,0,0,0,False,0.0,-144.2,0.0,0.0,0.0,ROTATION_INVALID
C025,C009,500,500,0,0,0,False,0.0,-137.5,0.0,0.0,0.0,ROTATION_INVALID
C025,C010,500,500,0,0,0,False,0.0,-128.9,0.0,0.0,0.0,ROTATION_INVALID
C025,C011,500,500,1,1,0,False,0.0,-123.0,0.0,0.0,0.0,ROTATION_INVALID
C025,C012,500,500,0,0,0,False,0.0,-118.7,0.0,0.0,0.0,ROTATION_INVALID
C025,C013,500,500,0,0,0,False,0.0,-112.7,0.0,0.0,0.0,ROTATION_INVALID
C025,C014,500,500,0,0,0,False,0.0,-102.1,0.0,0.0,0.0,ROTATION_INVALID
C025,C015,500,500,0,0,0,False,0.0,-88.7,0.0,0.0,0.0,ROTATION_INVALID
C025,C016,500,500,0,0,0,False,0.0,-83.4,0.0,0.0,0.0,ROTATION_INVALID
C025,C017,500,500,1,1,0,False,0.0,-77.5,0.0,0.0,0.0,ROTATION_INVALID
C025,C018,500,500,0,0,0,False,0.0,-67.1,0.0,0.0,0.0,ROTATION_INVALID
C025,C019,500,500,0,0,0,False,0.0,-60.5,0.0,0.0,0.0,ROTATION_INVALID
C025,C020,500,500,4,4,0,False,0.0,-51.8,0.0,0.0,0.0,ROTATION_INVALID
C025,C021,500,500,1,1,0,False,0.0,-40.6,0.0,0.0,0.0,ROTATION_INVALID
C025,C022,500,500,1,1,0,False,0.0,-26.0,0.0,0.0,0.0,ROTATION_INVALID
C025,C023,500,500,7,7,6,True,0.594059405940594,-10.3,13.71,51.47,24.01,ROTATION_SUSPICIOUS
C025,C024,500,500,53,53,52,True,2.175732217573222,-5.4,7.74,65.38,13.14,ROTATION_SUSPICIOUS
C025,C025,500,500,500,500,500,True,3.0,0.0,0.0,0.0,0.0,ROTATION_CONSISTENT
C025,C026,500,500,28,28,24,True,1.4634146341463417,4.8,-12.12,109.77,16.92,ROTATION_SUSPICIOUS
C025,C027,500,500,1,1,0,False,0.0,16.7,0.0,0.0,0.0,ROTATION_INVALID
C025,C028,500,500,2,2,0,False,0.0,26.3,0.0,0.0,0.0,ROTATION_INVALID
C025,C029,500,500,1,1,0,False,0.0,35.9,0.0,0.0,0.0,ROTATION_INVALID
C025,C030,500,500,0,0,0,False,0.0,44.0,0.0,0.0,0.0,ROTATION_INVALID
C025,C031,500,500,0,0,0,False,0.0,59.5,0.0,0.0,0.0,ROTATION_INVALID
C025,C032,500,500,0,0,0,False,0.0,69.4,0.0,0.0,0.0,ROTATION_INVALID
C025,C033,500,500,0,0,0,False,0.0,76.0,0.0,0.0,0.0,ROTATION_INVALID
C025,C034,500,500,0,0,0,False,0.0,80.2,0.0,0.0,0.0,ROTATION_INVALID
C025,C035,500,500,0,0,0,False,0.0,84.4,0.0,0.0,0.0,ROTATION_INVALID
C025,C036,500,500,0,0,0,False,0.0,91.6,0.0,0.0,0.0,ROTATION_INVALID
C025,C037,500,500,0,0,0,False,0.0,100.2,0.0,0.0,0.0,ROTATION_INVALID
C025,C038,500,500,0,0,0,False,0.0,108.7,0.0,0.0,0.0,ROTATION_INVALID
C025,C039,500,500,0,0,0,False,0.0,118.6,0.0,0.0,0.0,ROTATION_INVALID
C025,C040,500,500,0,0,0,False,0.0,128.8,0.0,0.0,0.0,ROTATION_INVALID
C025,C041,500,500,0,0,0,False,0.0,137.8,0.0,0.0,0.0,ROTATION_INVALID
C025,C042,500,500,0,0,0,False,0.0,146.1,0.0,0.0,0.0,ROTATION_INVALID
C025,C043,500,500,0,0,0,False,0.0,155.6,0.0,0.0,0.0,ROTATION_INVALID
C026,C001,500,500,0,0,0,False,0.0,160.4,0.0,0.0,0.0,ROTATION_INVALID
C026,C002,500,500,0,0,0,False,0.0,164.6,0.0,0.0,0.0,ROTATION_INVALID
C026,C003,500,500,0,0,0,False,0.0,168.9,0.0,0.0,0.0,ROTATION_INVALID
C026,C004,500,500,0,0,0,False,0.0,-179.7,0.0,0.0,0.0,ROTATION_INVALID
C026,C005,500,500,0,0,0,False,0.0,-174.8,0.0,0.0,0.0,ROTATION_INVALID
C026,C006,500,500,0,0,0,False,0.0,-167.2,0.0,0.0,0.0,ROTATION_INVALID
C026,C007,500,500,0,0,0,False,0.0,-157.2,0.0,0.0,0.0,ROTATION_INVALID
C026,C008,500,500,0,0,0,False,0.0,-149.0,0.0,0.0,0.0,ROTATION_INVALID
C026,C009,500,500,0,0,0,False,0.0,-142.3,0.0,0.0,0.0,ROTATION_INVALID
C026,C010,500,500,0,0,0,False,0.0,-133.7,0.0,0.0,0.0,ROTATION_INVALID
C026,C011,500,500,0,0,0,False,0.0,-127.8,0.0,0.0,0.0,ROTATION_INVALID
C026,C012,500,500,0,0,0,False,0.0,-123.5,0.0,0.0,0.0,ROTATION_INVALID
C026,C013,500,500,0,0,0,False,0.0,-117.5,0.0,0.0,0.0,ROTATION_INVALID
C026,C014,500,500,0,0,0,False,0.0,-106.9,0.0,0.0,0.0,ROTATION_INVALID
C026,C015,500,500,0,0,0,False,0.0,-93.5,0.0,0.0,0.0,ROTATION_INVALID
C026,C016,500,500,0,0,0,False,0.0,-88.2,0.0,0.0,0.0,ROTATION_INVALID
C026,C017,500,500,0,0,0,False,0.0,-82.3,0.0,0.0,0.0,ROTATION_INVALID
C026,C018,500,500,0,0,0,False,0.0,-71.9,0.0,0.0,0.0,ROTATION_INVALID
C026,C019,500,500,0,0,0,False,0.0,-65.3,0.0,0.0,0.0,ROTATION_INVALID
C026,C020,500,500,0,0,0,False,0.0,-56.6,0.0,0.0,0.0,ROTATION_INVALID
C026,C021,500,500,0,0,0,False,0.0,-45.4,0.0,0.0,0.0,ROTATION_INVALID
C026,C022,500,500,2,2,0,False,0.0,-30.8,0.0,0.0,0.0,ROTATION_INVALID
C026,C023,500,500,7,7,7,True,0.6930693069306931,-15.1,25.33,193.38,40.43,ROTATION_INVALID
C026,C024,500,500,5,5,0,False,0.0,-10.2,0.0,0.0,0.0,ROTATION_INVALID
C026,C025,500,500,28,28,24,True,1.4634146341463417,-4.8,12.68,161.88,17.48,ROTATION_SUSPICIOUS
C026,C026,500,500,500,500,500,True,3.0,0.0,0.0,0.0,0.0,ROTATION_CONSISTENT
C026,C027,500,500,12,12,9,True,0.7758620689655172,11.9,-12.82,103.39,24.72,ROTATION_SUSPICIOUS
C026,C028,500,500,10,10,10,True,0.9090909090909091,21.5,-21.04,87.01,42.54,ROTATION_INVALID
C026,C029,500,500,1,1,0,False,0.0,31.1,0.0,0.0,0.0,ROTATION_INVALID
C026,C030,500,500,2,2,0,False,0.0,39.2,0.0,0.0,0.0,ROTATION_INVALID
C026,C031,500,500,2,2,0,False,0.0,54.7,0.0,0.0,0.0,ROTATION_INVALID
C026,C032,500,500,0,0,0,False,0.0,64.6,0.0,0.0,0.0,ROTATION_INVALID
C026,C033,500,500,0,0,0,False,0.0,71.2,0.0,0.0,0.0,ROTATION_INVALID
C026,C034,500,500,0,0,0,False,0.0,75.4,0.0,0.0,0.0,ROTATION_INVALID
C026,C035,500,500,0,0,0,False,0.0,79.6,0.0,0.0,0.0,ROTATION_INVALID
C026,C036,500,500,0,0,0,False,0.0,86.8,0.0,0.0,0.0,ROTATION_INVALID
C026,C037,500,500,1,1,0,False,0.0,95.4,0.0,0.0,0.0,ROTATION_INVALID
C026,C038,500,500,0,0,0,False,0.0,103.9,0.0,0.0,0.0,ROTATION_INVALID
C026,C039,500,500,0,0,0,False,0.0,113.8,0.0,0.0,0.0,ROTATION_INVALID
C026,C040,500,500,0,0,0,False,0.0,124.0,0.0,0.0,0.0,ROTATION_INVALID
C026,C041,500,500,0,0,0,False,0.0,133.0,0.0,0.0,0.0,ROTATION_INVALID
C026,C042,500,500,0,0,0,False,0.0,141.3,0.0,0.0,0.0,ROTATION_INVALID
C026,C043,500,500,0,0,0,False,0.0,150.8,0.0,0.0,0.0,ROTATION_INVALID
C027,C001,500,500,0,0,0,False,0.0,148.5,0.0,0.0,0.0,ROTATION_INVALID
C027,C002,500,500,0,0,0,False,0.0,152.7,0.0,0.0,0.0,ROTATION_INVALID
C027,C003,500,500,0,0,0,False,0.0,157.0,0.0,0.0,0.0,ROTATION_INVALID
C027,C004,500,500,0,0,0,False,0.0,168.4,0.0,0.0,0.0,ROTATION_INVALID
C027,C005,500,500,1,1,0,False,0.0,173.3,0.0,0.0,0.0,ROTATION_INVALID
C027,C006,500,500,0,0,0,False,0.0,-179.1,0.0,0.0,0.0,ROTATION_INVALID
C027,C007,500,500,0,0,0,False,0.0,-169.1,0.0,0.0,0.0,ROTATION_INVALID
C027,C008,500,500,0,0,0,False,0.0,-160.9,0.0,0.0,0.0,ROTATION_INVALID
C027,C009,500,500,0,0,0,False,0.0,-154.2,0.0,0.0,0.0,ROTATION_INVALID
C027,C010,500,500,0,0,0,False,0.0,-145.6,0.0,0.0,0.0,ROTATION_INVALID
C027,C011,500,500,0,0,0,False,0.0,-139.7,0.0,0.0,0.0,ROTATION_INVALID
C027,C012,500,500,0,0,0,False,0.0,-135.4,0.0,0.0,0.0,ROTATION_INVALID
C027,C013,500,500,0,0,0,False,0.0,-129.4,0.0,0.0,0.0,ROTATION_INVALID
C027,C014,500,500,0,0,0,False,0.0,-118.8,0.0,0.0,0.0,ROTATION_INVALID
C027,C015,500,500,0,0,0,False,0.0,-105.4,0.0,0.0,0.0,ROTATION_INVALID
C027,C016,500,500,0,0,0,False,0.0,-100.1,0.0,0.0,0.0,ROTATION_INVALID
C027,C017,500,500,0,0,0,False,0.0,-94.2,0.0,0.0,0.0,ROTATION_INVALID
C027,C018,500,500,0,0,0,False,0.0,-83.8,0.0,0.0,0.0,ROTATION_INVALID
C027,C019,500,500,0,0,0,False,0.0,-77.2,0.0,0.0,0.0,ROTATION_INVALID
C027,C020,500,500,0,0,0,False,0.0,-68.5,0.0,0.0,0.0,ROTATION_INVALID
C027,C021,500,500,0,0,0,False,0.0,-57.3,0.0,0.0,0.0,ROTATION_INVALID
C027,C022,500,500,1,1,0,False,0.0,-42.7,0.0,0.0,0.0,ROTATION_INVALID
C027,C023,500,500,1,1,0,False,0.0,-27.0,0.0,0.0,0.0,ROTATION_INVALID
C027,C024,500,500,2,2,0,False,0.0,-22.1,0.0,0.0,0.0,ROTATION_INVALID
C027,C025,500,500,1,1,0,False,0.0,-16.7,0.0,0.0,0.0,ROTATION_INVALID
C027,C026,500,500,12,12,9,True,0.7758620689655172,-11.9,13.73,144.36,25.63,ROTATION_SUSPICIOUS
C027,C027,500,500,500,500,500,True,3.0,0.0,0.0,0.0,0.0,ROTATION_CONSISTENT
C027,C028,500,500,20,20,18,True,1.2857142857142858,9.6,-9.8,54.17,19.4,ROTATION_SUSPICIOUS
C027,C029,500,500,6,6,5,True,0.5102040816326531,19.2,-17.48,22.66,36.68,ROTATION_INVALID
C027,C030,500,500,5,5,0,False,0.0,27.3,0.0,0.0,0.0,ROTATION_INVALID
C027,C031,500,500,2,2,0,False,0.0,42.8,0.0,0.0,0.0,ROTATION_INVALID
C027,C032,500,500,0,0,0,False,0.0,52.7,0.0,0.0,0.0,ROTATION_INVALID
C027,C033,500,500,0,0,0,False,0.0,59.3,0.0,0.0,0.0,ROTATION_INVALID
C027,C034,500,500,0,0,0,False,0.0,63.5,0.0,0.0,0.0,ROTATION_INVALID
C027,C035,500,500,0,0,0,False,0.0,67.7,0.0,0.0,0.0,ROTATION_INVALID
C027,C036,500,500,0,0,0,False,0.0,74.9,0.0,0.0,0.0,ROTATION_INVALID
C027,C037,500,500,0,0,0,False,0.0,83.5,0.0,0.0,0.0,ROTATION_INVALID
C027,C038,500,500,0,0,0,False,0.0,92.0,0.0,0.0,0.0,ROTATION_INVALID
C027,C039,500,500,0,0,0,False,0.0,101.9,0.0,0.0,0.0,ROTATION_INVALID
C027,C040,500,500,0,0,0,False,0.0,112.1,0.0,0.0,0.0,ROTATION_INVALID
C027,C041,500,500,0,0,0,False,0.0,121.1,0.0,0.0,0.0,ROTATION_INVALID
C027,C042,500,500,0,0,0,False,0.0,129.4,0.0,0.0,0.0,ROTATION_INVALID
C027,C043,500,500,0,0,0,False,0.0,138.9,0.0,0.0,0.0,ROTATION_INVALID
C028,C001,500,500,0,0,0,False,0.0,138.9,0.0,0.0,0.0,ROTATION_INVALID
C028,C002,500,500,0,0,0,False,0.0,143.1,0.0,0.0,0.0,ROTATION_INVALID
C028,C003,500,500,0,0,0,False,0.0,147.4,0.0,0.0,0.0,ROTATION_INVALID
C028,C004,500,500,0,0,0,False,0.0,158.8,0.0,0.0,0.0,ROTATION_INVALID
C028,C005,500,500,0,0,0,False,0.0,163.7,0.0,0.0,0.0,ROTATION_INVALID
C028,C006,500,500,0,0,0,False,0.0,171.3,0.0,0.0,0.0,ROTATION_INVALID
C028,C007,500,500,0,0,0,False,0.0,-178.7,0.0,0.0,0.0,ROTATION_INVALID
C028,C008,500,500,0,0,0,False,0.0,-170.5,0.0,0.0,0.0,ROTATION_INVALID
C028,C009,500,500,0,0,0,False,0.0,-163.8,0.0,0.0,0.0,ROTATION_INVALID
C028,C010,500,500,0,0,0,False,0.0,-155.2,0.0,0.0,0.0,ROTATION_INVALID
C028,C011,500,500,0,0,0,False,0.0,-149.3,0.0,0.0,0.0,ROTATION_INVALID
C028,C012,500,500,0,0,0,False,0.0,-145.0,0.0,0.0,0.0,ROTATION_INVALID
C028,C013,500,500,0,0,0,False,0.0,-139.0,0.0,0.0,0.0,ROTATION_INVALID
C028,C014,500,500,0,0,0,False,0.0,-128.4,0.0,0.0,0.0,ROTATION_INVALID
C028,C015,500,500,0,0,0,False,0.0,-115.0,0.0,0.0,0.0,ROTATION_INVALID
C028,C016,500,500,0,0,0,False,0.0,-109.7,0.0,0.0,0.0,ROTATION_INVALID
C028,C017,500,500,0,0,0,False,0.0,-103.8,0.0,0.0,0.0,ROTATION_INVALID
C028,C018,500,500,0,0,0,False,0.0,-93.4,0.0,0.0,0.0,ROTATION_INVALID
C028,C019,500,500,0,0,0,False,0.0,-86.8,0.0,0.0,0.0,ROTATION_INVALID
C028,C020,500,500,0,0,0,False,0.0,-78.1,0.0,0.0,0.0,ROTATION_INVALID
C028,C021,500,500,1,1,0,False,0.0,-66.9,0.0,0.0,0.0,ROTATION_INVALID
C028,C022,500,500,0,0,0,False,0.0,-52.3,0.0,0.0,0.0,ROTATION_INVALID
C028,C023,500,500,3,3,0,False,0.0,-36.6,0.0,0.0,0.0,ROTATION_INVALID
C028,C024,500,500,1,1,0,False,0.0,-31.7,0.0,0.0,0.0,ROTATION_INVALID
C028,C025,500,500,2,2,0,False,0.0,-26.3,0.0,0.0,0.0,ROTATION_INVALID
C028,C026,500,500,10,10,10,True,0.9090909090909091,-21.5,21.64,112.94,43.14,ROTATION_INVALID
C028,C027,500,500,20,20,18,True,1.2857142857142858,-9.6,10.14,61.08,19.74,ROTATION_SUSPICIOUS
C028,C028,500,500,500,500,500,True,3.0,0.0,0.0,0.0,0.0,ROTATION_CONSISTENT
C028,C029,500,500,36,36,33,True,1.7553191489361706,9.6,-6.89,41.4,16.49,ROTATION_SUSPICIOUS
C028,C030,500,500,16,16,14,True,1.09375,17.7,-11.31,58.11,29.01,ROTATION_SUSPICIOUS
C028,C031,500,500,6,6,5,True,0.5102040816326531,33.2,-9.28,470.19,42.48,ROTATION_INVALID
C028,C032,500,500,1,1,0,False,0.0,43.1,0.0,0.0,0.0,ROTATION_INVALID
C028,C033,500,500,0,0,0,False,0.0,49.7,0.0,0.0,0.0,ROTATION_INVALID
C028,C034,500,500,0,0,0,False,0.0,53.9,0.0,0.0,0.0,ROTATION_INVALID
C028,C035,500,500,0,0,0,False,0.0,58.1,0.0,0.0,0.0,ROTATION_INVALID
C028,C036,500,500,0,0,0,False,0.0,65.3,0.0,0.0,0.0,ROTATION_INVALID
C028,C037,500,500,0,0,0,False,0.0,73.9,0.0,0.0,0.0,ROTATION_INVALID
C028,C038,500,500,0,0,0,False,0.0,82.4,0.0,0.0,0.0,ROTATION_INVALID
C028,C039,500,500,0,0,0,False,0.0,92.3,0.0,0.0,0.0,ROTATION_INVALID
C028,C040,500,500,0,0,0,False,0.0,102.5,0.0,0.0,0.0,ROTATION_INVALID
C028,C041,500,500,0,0,0,False,0.0,111.5,0.0,0.0,0.0,ROTATION_INVALID
C028,C042,500,500,0,0,0,False,0.0,119.8,0.0,0.0,0.0,ROTATION_INVALID
C028,C043,500,500,0,0,0,False,0.0,129.3,0.0,0.0,0.0,ROTATION_INVALID
C029,C001,500,500,0,0,0,False,0.0,129.3,0.0,0.0,0.0,ROTATION_INVALID
C029,C002,500,500,0,0,0,False,0.0,133.5,0.0,0.0,0.0,ROTATION_INVALID
C029,C003,500,500,0,0,0,False,0.0,137.8,0.0,0.0,0.0,ROTATION_INVALID
C029,C004,500,500,0,0,0,False,0.0,149.2,0.0,0.0,0.0,ROTATION_INVALID
C029,C005,500,500,0,0,0,False,0.0,154.1,0.0,0.0,0.0,ROTATION_INVALID
C029,C006,500,500,0,0,0,False,0.0,161.7,0.0,0.0,0.0,ROTATION_INVALID
C029,C007,500,500,0,0,0,False,0.0,171.7,0.0,0.0,0.0,ROTATION_INVALID
C029,C008,500,500,0,0,0,False,0.0,179.9,0.0,0.0,0.0,ROTATION_INVALID
C029,C009,500,500,0,0,0,False,0.0,-173.4,0.0,0.0,0.0,ROTATION_INVALID
C029,C010,500,500,0,0,0,False,0.0,-164.8,0.0,0.0,0.0,ROTATION_INVALID
C029,C011,500,500,0,0,0,False,0.0,-158.9,0.0,0.0,0.0,ROTATION_INVALID
C029,C012,500,500,0,0,0,False,0.0,-154.6,0.0,0.0,0.0,ROTATION_INVALID
C029,C013,500,500,0,0,0,False,0.0,-148.6,0.0,0.0,0.0,ROTATION_INVALID
C029,C014,500,500,0,0,0,False,0.0,-138.0,0.0,0.0,0.0,ROTATION_INVALID
C029,C015,500,500,0,0,0,False,0.0,-124.6,0.0,0.0,0.0,ROTATION_INVALID
C029,C016,500,500,0,0,0,False,0.0,-119.3,0.0,0.0,0.0,ROTATION_INVALID
C029,C017,500,500,0,0,0,False,0.0,-113.4,0.0,0.0,0.0,ROTATION_INVALID
C029,C018,500,500,0,0,0,False,0.0,-103.0,0.0,0.0,0.0,ROTATION_INVALID
C029,C019,500,500,0,0,0,False,0.0,-96.4,0.0,0.0,0.0,ROTATION_INVALID
C029,C020,500,500,0,0,0,False,0.0,-87.7,0.0,0.0,0.0,ROTATION_INVALID
C029,C021,500,500,0,0,0,False,0.0,-76.5,0.0,0.0,0.0,ROTATION_INVALID
C029,C022,500,500,0,0,0,False,0.0,-61.9,0.0,0.0,0.0,ROTATION_INVALID
C029,C023,500,500,0,0,0,False,0.0,-46.2,0.0,0.0,0.0,ROTATION_INVALID
C029,C024,500,500,0,0,0,False,0.0,-41.3,0.0,0.0,0.0,ROTATION_INVALID
C029,C025,500,500,1,1,0,False,0.0,-35.9,0.0,0.0,0.0,ROTATION_INVALID
C029,C026,500,500,1,1,0,False,0.0,-31.1,0.0,0.0,0.0,ROTATION_INVALID
C029,C027,500,500,6,6,5,True,0.5102040816326531,-19.2,16.68,23.44,35.88,ROTATION_INVALID
C029,C028,500,500,36,36,33,True,1.7553191489361706,-9.6,7.1,46.19,16.7,ROTATION_SUSPICIOUS
C029,C029,500,500,500,500,500,True,3.0,0.0,0.0,0.0,0.0,ROTATION_CONSISTENT
C029,C030,500,500,37,37,36,True,1.8848167539267013,8.1,-6.59,47.66,14.69,ROTATION_SUSPICIOUS
C029,C031,500,500,6,6,6,True,0.6122448979591836,23.6,-19.32,116.67,42.92,ROTATION_INVALID
C029,C032,500,500,3,3,0,False,0.0,33.5,0.0,0.0,0.0,ROTATION_INVALID
C029,C033,500,500,0,0,0,False,0.0,40.1,0.0,0.0,0.0,ROTATION_INVALID
C029,C034,500,500,0,0,0,False,0.0,44.3,0.0,0.0,0.0,ROTATION_INVALID
C029,C035,500,500,1,1,0,False,0.0,48.5,0.0,0.0,0.0,ROTATION_INVALID
C029,C036,500,500,0,0,0,False,0.0,55.7,0.0,0.0,0.0,ROTATION_INVALID
C029,C037,500,500,0,0,0,False,0.0,64.3,0.0,0.0,0.0,ROTATION_INVALID
C029,C038,500,500,0,0,0,False,0.0,72.8,0.0,0.0,0.0,ROTATION_INVALID
C029,C039,500,500,0,0,0,False,0.0,82.7,0.0,0.0,0.0,ROTATION_INVALID
C029,C040,500,500,0,0,0,False,0.0,92.9,0.0,0.0,0.0,ROTATION_INVALID
C029,C041,500,500,0,0,0,False,0.0,101.9,0.0,0.0,0.0,ROTATION_INVALID
C029,C042,500,500,0,0,0,False,0.0,110.2,0.0,0.0,0.0,ROTATION_INVALID
C029,C043,500,500,0,0,0,False,0.0,119.7,0.0,0.0,0.0,ROTATION_INVALID
C030,C001,500,500,0,0,0,False,0.0,121.2,0.0,0.0,0.0,ROTATION_INVALID
C030,C002,500,500,0,0,0,False,0.0,125.4,0.0,0.0,0.0,ROTATION_INVALID
C030,C003,500,500,0,0,0,False,0.0,129.7,0.0,0.0,0.0,ROTATION_INVALID
C030,C004,500,500,0,0,0,False,0.0,141.1,0.0,0.0,0.0,ROTATION_INVALID
C030,C005,500,500,0,0,0,False,0.0,146.0,0.0,0.0,0.0,ROTATION_INVALID
C030,C006,500,500,0,0,0,False,0.0,153.6,0.0,0.0,0.0,ROTATION_INVALID
C030,C007,500,500,0,0,0,False,0.0,163.6,0.0,0.0,0.0,ROTATION_INVALID
C030,C008,500,500,0,0,0,False,0.0,171.8,0.0,0.0,0.0,ROTATION_INVALID
C030,C009,500,500,0,0,0,False,0.0,178.5,0.0,0.0,0.0,ROTATION_INVALID
C030,C010,500,500,0,0,0,False,0.0,-172.9,0.0,0.0,0.0,ROTATION_INVALID
C030,C011,500,500,0,0,0,False,0.0,-167.0,0.0,0.0,0.0,ROTATION_INVALID
C030,C012,500,500,0,0,0,False,0.0,-162.7,0.0,0.0,0.0,ROTATION_INVALID
C030,C013,500,500,0,0,0,False,0.0,-156.7,0.0,0.0,0.0,ROTATION_INVALID
C030,C014,500,500,0,0,0,False,0.0,-146.1,0.0,0.0,0.0,ROTATION_INVALID
C030,C015,500,500,0,0,0,False,0.0,-132.7,0.0,0.0,0.0,ROTATION_INVALID
C030,C016,500,500,0,0,0,False,0.0,-127.4,0.0,0.0,0.0,ROTATION_INVALID
C030,C017,500,500,0,0,0,False,0.0,-121.5,0.0,0.0,0.0,ROTATION_INVALID
C030,C018,500,500,0,0,0,False,0.0,-111.1,0.0,0.0,0.0,ROTATION_INVALID
C030,C019,500,500,0,0,0,False,0.0,-104.5,0.0,0.0,0.0,ROTATION_INVALID
C030,C020,500,500,0,0,0,False,0.0,-95.8,0.0,0.0,0.0,ROTATION_INVALID
C030,C021,500,500,0,0,0,False,0.0,-84.6,0.0,0.0,0.0,ROTATION_INVALID
C030,C022,500,500,0,0,0,False,0.0,-70.0,0.0,0.0,0.0,ROTATION_INVALID
C030,C023,500,500,0,0,0,False,0.0,-54.3,0.0,0.0,0.0,ROTATION_INVALID
C030,C024,500,500,0,0,0,False,0.0,-49.4,0.0,0.0,0.0,ROTATION_INVALID
C030,C025,500,500,0,0,0,False,0.0,-44.0,0.0,0.0,0.0,ROTATION_INVALID
C030,C026,500,500,2,2,0,False,0.0,-39.2,0.0,0.0,0.0,ROTATION_INVALID
C030,C027,500,500,5,5,0,False,0.0,-27.3,0.0,0.0,0.0,ROTATION_INVALID
C030,C028,500,500,16,16,14,True,1.09375,-17.7,11.75,71.87,29.45,ROTATION_SUSPICIOUS
C030,C029,500,500,37,37,36,True,1.8848167539267013,-8.1,6.83,56.57,14.93,ROTATION_SUSPICIOUS
C030,C030,500,500,500,500,500,True,3.0,0.0,0.0,0.0,0.0,ROTATION_CONSISTENT
C030,C031,500,500,20,20,17,True,1.2142857142857142,15.5,-12.32,55.9,27.82,ROTATION_SUSPICIOUS
C030,C032,500,500,7,7,6,True,0.594059405940594,25.4,-22.7,175.62,48.1,ROTATION_INVALID
C030,C033,500,500,4,4,0,False,0.0,32.0,0.0,0.0,0.0,ROTATION_INVALID
C030,C034,500,500,3,3,0,False,0.0,36.2,0.0,0.0,0.0,ROTATION_INVALID
C030,C035,500,500,2,2,0,False,0.0,40.4,0.0,0.0,0.0,ROTATION_INVALID
C030,C036,500,500,0,0,0,False,0.0,47.6,0.0,0.0,0.0,ROTATION_INVALID
C030,C037,500,500,0,0,0,False,0.0,56.2,0.0,0.0,0.0,ROTATION_INVALID
C030,C038,500,500,0,0,0,False,0.0,64.7,0.0,0.0,0.0,ROTATION_INVALID
C030,C039,500,500,0,0,0,False,0.0,74.6,0.0,0.0,0.0,ROTATION_INVALID
C030,C040,500,500,0,0,0,False,0.0,84.8,0.0,0.0,0.0,ROTATION_INVALID
C030,C041,500,500,0,0,0,False,0.0,93.8,0.0,0.0,0.0,ROTATION_INVALID
C030,C042,500,500,0,0,0,False,0.0,102.1,0.0,0.0,0.0,ROTATION_INVALID
C030,C043,500,500,0,0,0,False,0.0,111.6,0.0,0.0,0.0,ROTATION_INVALID
C031,C001,500,500,0,0,0,False,0.0,105.7,0.0,0.0,0.0,ROTATION_INVALID
C031,C002,500,500,0,0,0,False,0.0,109.9,0.0,0.0,0.0,ROTATION_INVALID
C031,C003,500,500,0,0,0,False,0.0,114.2,0.0,0.0,0.0,ROTATION_INVALID
C031,C004,500,500,0,0,0,False,0.0,125.6,0.0,0.0,0.0,ROTATION_INVALID
C031,C005,500,500,0,0,0,False,0.0,130.5,0.0,0.0,0.0,ROTATION_INVALID
C031,C006,500,500,0,0,0,False,0.0,138.1,0.0,0.0,0.0,ROTATION_INVALID
C031,C007,500,500,0,0,0,False,0.0,148.1,0.0,0.0,0.0,ROTATION_INVALID
C031,C008,500,500,0,0,0,False,0.0,156.3,0.0,0.0,0.0,ROTATION_INVALID
C031,C009,500,500,0,0,0,False,0.0,163.0,0.0,0.0,0.0,ROTATION_INVALID
C031,C010,500,500,0,0,0,False,0.0,171.6,0.0,0.0,0.0,ROTATION_INVALID
C031,C011,500,500,0,0,0,False,0.0,177.5,0.0,0.0,0.0,ROTATION_INVALID
C031,C012,500,500,0,0,0,False,0.0,-178.2,0.0,0.0,0.0,ROTATION_INVALID
C031,C013,500,500,0,0,0,False,0.0,-172.2,0.0,0.0,0.0,ROTATION_INVALID
C031,C014,500,500,0,0,0,False,0.0,-161.6,0.0,0.0,0.0,ROTATION_INVALID
C031,C015,500,500,0,0,0,False,0.0,-148.2,0.0,0.0,0.0,ROTATION_INVALID
C031,C016,500,500,0,0,0,False,0.0,-142.9,0.0,0.0,0.0,ROTATION_INVALID
C031,C017,500,500,0,0,0,False,0.0,-137.0,0.0,0.0,0.0,ROTATION_INVALID
C031,C018,500,500,0,0,0,False,0.0,-126.6,0.0,0.0,0.0,ROTATION_INVALID
C031,C019,500,500,0,0,0,False,0.0,-120.0,0.0,0.0,0.0,ROTATION_INVALID
C031,C020,500,500,0,0,0,False,0.0,-111.3,0.0,0.0,0.0,ROTATION_INVALID
C031,C021,500,500,0,0,0,False,0.0,-100.1,0.0,0.0,0.0,ROTATION_INVALID
C031,C022,500,500,0,0,0,False,0.0,-85.5,0.0,0.0,0.0,ROTATION_INVALID
C031,C023,500,500,0,0,0,False,0.0,-69.8,0.0,0.0,0.0,ROTATION_INVALID
C031,C024,500,500,0,0,0,False,0.0,-64.9,0.0,0.0,0.0,ROTATION_INVALID
C031,C025,500,500,0,0,0,False,0.0,-59.5,0.0,0.0,0.0,ROTATION_INVALID
C031,C026,500,500,2,2,0,False,0.0,-54.7,0.0,0.0,0.0,ROTATION_INVALID
C031,C027,500,500,2,2,0,False,0.0,-42.8,0.0,0.0,0.0,ROTATION_INVALID
C031,C028,500,500,6,6,5,True,0.5102040816326531,-33.2,-34.97,636.92,1.77,ROTATION_INVALID
C031,C029,500,500,6,6,6,True,0.6122448979591836,-23.6,21.24,186.7,44.84,ROTATION_INVALID
C031,C030,500,500,20,20,17,True,1.2142857142857142,-15.5,12.85,68.52,28.35,ROTATION_SUSPICIOUS
C031,C031,500,500,500,500,500,True,3.0,0.0,0.0,0.0,0.0,ROTATION_CONSISTENT
C031,C032,500,500,48,48,46,True,2.053571428571429,9.9,-6.65,49.71,16.55,ROTATION_SUSPICIOUS
C031,C033,500,500,23,23,17,True,1.1409395973154364,16.5,-27.12,162.34,43.62,ROTATION_INVALID
C031,C034,500,500,10,10,10,True,0.9090909090909091,20.7,-28.28,133.57,48.98,ROTATION_INVALID
C031,C035,500,500,5,5,0,False,0.0,24.9,0.0,0.0,0.0,ROTATION_INVALID
C031,C036,500,500,3,3,0,False,0.0,32.1,0.0,0.0,0.0,ROTATION_INVALID
C031,C037,500,500,0,0,0,False,0.0,40.7,0.0,0.0,0.0,ROTATION_INVALID
C031,C038,500,500,0,0,0,False,0.0,49.2,0.0,0.0,0.0,ROTATION_INVALID
C031,C039,500,500,0,0,0,False,0.0,59.1,0.0,0.0,0.0,ROTATION_INVALID
C031,C040,500,500,0,0,0,False,0.0,69.3,0.0,0.0,0.0,ROTATION_INVALID
C031,C041,500,500,0,0,0,False,0.0,78.3,0.0,0.0,0.0,ROTATION_INVALID
C031,C042,500,500,0,0,0,False,0.0,86.6,0.0,0.0,0.0,ROTATION_INVALID
C031,C043,500,500,0,0,0,False,0.0,96.1,0.0,0.0,0.0,ROTATION_INVALID
C032,C001,500,500,0,0,0,False,0.0,95.8,0.0,0.0,0.0,ROTATION_INVALID
C032,C002,500,500,0,0,0,False,0.0,100.0,0.0,0.0,0.0,ROTATION_INVALID
C032,C003,500,500,0,0,0,False,0.0,104.3,0.0,0.0,0.0,ROTATION_INVALID
C032,C004,500,500,0,0,0,False,0.0,115.7,0.0,0.0,0.0,ROTATION_INVALID
C032,C005,500,500,0,0,0,False,0.0,120.6,0.0,0.0,0.0,ROTATION_INVALID
C032,C006,500,500,0,0,0,False,0.0,128.2,0.0,0.0,0.0,ROTATION_INVALID
C032,C007,500,500,0,0,0,False,0.0,138.2,0.0,0.0,0.0,ROTATION_INVALID
C032,C008,500,500,0,0,0,False,0.0,146.4,0.0,0.0,0.0,ROTATION_INVALID
C032,C009,500,500,0,0,0,False,0.0,153.1,0.0,0.0,0.0,ROTATION_INVALID
C032,C010,500,500,0,0,0,False,0.0,161.7,0.0,0.0,0.0,ROTATION_INVALID
C032,C011,500,500,0,0,0,False,0.0,167.6,0.0,0.0,0.0,ROTATION_INVALID
C032,C012,500,500,0,0,0,False,0.0,171.9,0.0,0.0,0.0,ROTATION_INVALID
C032,C013,500,500,0,0,0,False,0.0,177.9,0.0,0.0,0.0,ROTATION_INVALID
C032,C014,500,500,0,0,0,False,0.0,-171.5,0.0,0.0,0.0,ROTATION_INVALID
C032,C015,500,500,0,0,0,False,0.0,-158.1,0.0,0.0,0.0,ROTATION_INVALID
C032,C016,500,500,0,0,0,False,0.0,-152.8,0.0,0.0,0.0,ROTATION_INVALID
C032,C017,500,500,0,0,0,False,0.0,-146.9,0.0,0.0,0.0,ROTATION_INVALID
C032,C018,500,500,0,0,0,False,0.0,-136.5,0.0,0.0,0.0,ROTATION_INVALID
C032,C019,500,500,0,0,0,False,0.0,-129.9,0.0,0.0,0.0,ROTATION_INVALID
C032,C020,500,500,0,0,0,False,0.0,-121.2,0.0,0.0,0.0,ROTATION_INVALID
C032,C021,500,500,0,0,0,False,0.0,-110.0,0.0,0.0,0.0,ROTATION_INVALID
C032,C022,500,500,0,0,0,False,0.0,-95.4,0.0,0.0,0.0,ROTATION_INVALID
C032,C023,500,500,0,0,0,False,0.0,-79.7,0.0,0.0,0.0,ROTATION_INVALID
C032,C024,500,500,0,0,0,False,0.0,-74.8,0.0,0.0,0.0,ROTATION_INVALID
C032,C025,500,500,0,0,0,False,0.0,-69.4,0.0,0.0,0.0,ROTATION_INVALID
C032,C026,500,500,0,0,0,False,0.0,-64.6,0.0,0.0,0.0,ROTATION_INVALID
C032,C027,500,500,0,0,0,False,0.0,-52.7,0.0,0.0,0.0,ROTATION_INVALID
C032,C028,500,500,1,1,0,False,0.0,-43.1,0.0,0.0,0.0,ROTATION_INVALID
C032,C029,500,500,3,3,0,False,0.0,-33.5,0.0,0.0,0.0,ROTATION_INVALID
C032,C030,500,500,7,7,6,True,0.594059405940594,-25.4,25.45,486.54,50.85,ROTATION_INVALID
C032,C031,500,500,48,48,46,True,2.053571428571429,-9.9,6.81,58.23,16.71,ROTATION_SUSPICIOUS
C032,C032,500,500,500,500,500,True,3.0,0.0,0.0,0.0,0.0,ROTATION_CONSISTENT
C032,C033,500,500,33,33,30,True,1.6759776536312851,6.6,-12.98,91.89,19.58,ROTATION_SUSPICIOUS
C032,C034,500,500,26,26,25,True,1.5822784810126582,10.8,-16.52,85.2,27.32,ROTATION_SUSPICIOUS
C032,C035,500,500,14,14,14,True,1.1475409836065575,15.0,-28.31,156.18,43.31,ROTATION_INVALID
C032,C036,500,500,3,3,0,False,0.0,22.2,0.0,0.0,0.0,ROTATION_INVALID
C032,C037,500,500,0,0,0,False,0.0,30.8,0.0,0.0,0.0,ROTATION_INVALID
C032,C038,500,500,0,0,0,False,0.0,39.3,0.0,0.0,0.0,ROTATION_INVALID
C032,C039,500,500,0,0,0,False,0.0,49.2,0.0,0.0,0.0,ROTATION_INVALID
C032,C040,500,500,0,0,0,False,0.0,59.4,0.0,0.0,0.0,ROTATION_INVALID
C032,C041,500,500,0,0,0,False,0.0,68.4,0.0,0.0,0.0,ROTATION_INVALID
C032,C042,500,500,1,1,0,False,0.0,76.7,0.0,0.0,0.0,ROTATION_INVALID
C032,C043,500,500,0,0,0,False,0.0,86.2,0.0,0.0,0.0,ROTATION_INVALID
C033,C001,500,500,0,0,0,False,0.0,89.2,0.0,0.0,0.0,ROTATION_INVALID
C033,C002,500,500,0,0,0,False,0.0,93.4,0.0,0.0,0.0,ROTATION_INVALID
C033,C003,500,500,0,0,0,False,0.0,97.7,0.0,0.0,0.0,ROTATION_INVALID
C033,C004,500,500,0,0,0,False,0.0,109.1,0.0,0.0,0.0,ROTATION_INVALID
C033,C005,500,500,0,0,0,False,0.0,114.0,0.0,0.0,0.0,ROTATION_INVALID
C033,C006,500,500,0,0,0,False,0.0,121.6,0.0,0.0,0.0,ROTATION_INVALID
C033,C007,500,500,0,0,0,False,0.0,131.6,0.0,0.0,0.0,ROTATION_INVALID
C033,C008,500,500,0,0,0,False,0.0,139.8,0.0,0.0,0.0,ROTATION_INVALID
C033,C009,500,500,0,0,0,False,0.0,146.5,0.0,0.0,0.0,ROTATION_INVALID
C033,C010,500,500,0,0,0,False,0.0,155.1,0.0,0.0,0.0,ROTATION_INVALID
C033,C011,500,500,0,0,0,False,0.0,161.0,0.0,0.0,0.0,ROTATION_INVALID
C033,C012,500,500,0,0,0,False,0.0,165.3,0.0,0.0,0.0,ROTATION_INVALID
C033,C013,500,500,0,0,0,False,0.0,171.3,0.0,0.0,0.0,ROTATION_INVALID
C033,C014,500,500,0,0,0,False,0.0,-178.1,0.0,0.0,0.0,ROTATION_INVALID
C033,C015,500,500,0,0,0,False,0.0,-164.7,0.0,0.0,0.0,ROTATION_INVALID
C033,C016,500,500,0,0,0,False,0.0,-159.4,0.0,0.0,0.0,ROTATION_INVALID
C033,C017,500,500,0,0,0,False,0.0,-153.5,0.0,0.0,0.0,ROTATION_INVALID
C033,C018,500,500,0,0,0,False,0.0,-143.1,0.0,0.0,0.0,ROTATION_INVALID
C033,C019,500,500,0,0,0,False,0.0,-136.5,0.0,0.0,0.0,ROTATION_INVALID
C033,C020,500,500,0,0,0,False,0.0,-127.8,0.0,0.0,0.0,ROTATION_INVALID
C033,C021,500,500,1,1,0,False,0.0,-116.6,0.0,0.0,0.0,ROTATION_INVALID
C033,C022,500,500,1,1,0,False,0.0,-102.0,0.0,0.0,0.0,ROTATION_INVALID
C033,C023,500,500,1,1,0,False,0.0,-86.3,0.0,0.0,0.0,ROTATION_INVALID
C033,C024,500,500,0,0,0,False,0.0,-81.4,0.0,0.0,0.0,ROTATION_INVALID
C033,C025,500,500,0,0,0,False,0.0,-76.0,0.0,0.0,0.0,ROTATION_INVALID
C033,C026,500,500,0,0,0,False,0.0,-71.2,0.0,0.0,0.0,ROTATION_INVALID
C033,C027,500,500,0,0,0,False,0.0,-59.3,0.0,0.0,0.0,ROTATION_INVALID
C033,C028,500,500,0,0,0,False,0.0,-49.7,0.0,0.0,0.0,ROTATION_INVALID
C033,C029,500,500,0,0,0,False,0.0,-40.1,0.0,0.0,0.0,ROTATION_INVALID
C033,C030,500,500,4,4,0,False,0.0,-32.0,0.0,0.0,0.0,ROTATION_INVALID
C033,C031,500,500,23,23,17,True,1.1409395973154364,-16.5,29.96,301.19,46.46,ROTATION_INVALID
C033,C032,500,500,33,33,30,True,1.6759776536312851,-6.6,13.79,125.19,20.39,ROTATION_SUSPICIOUS
C033,C033,500,500,500,500,500,True,3.0,0.0,0.0,0.0,0.0,ROTATION_CONSISTENT
C033,C034,500,500,109,109,108,True,2.6535626535626538,4.2,-5.59,26.95,9.79,ROTATION_CONSISTENT
C033,C035,500,500,30,30,29,True,1.7058823529411764,8.4,-15.24,81.96,23.64,ROTATION_SUSPICIOUS
C033,C036,500,500,3,3,0,False,0.0,15.6,0.0,0.0,0.0,ROTATION_INVALID
C033,C037,500,500,1,1,0,False,0.0,24.2,0.0,0.0,0.0,ROTATION_INVALID
C033,C038,500,500,0,0,0,False,0.0,32.7,0.0,0.0,0.0,ROTATION_INVALID
C033,C039,500,500,1,1,0,False,0.0,42.6,0.0,0.0,0.0,ROTATION_INVALID
C033,C040,500,500,0,0,0,False,0.0,52.8,0.0,0.0,0.0,ROTATION_INVALID
C033,C041,500,500,0,0,0,False,0.0,61.8,0.0,0.0,0.0,ROTATION_INVALID
C033,C042,500,500,0,0,0,False,0.0,70.1,0.0,0.0,0.0,ROTATION_INVALID
C033,C043,500,500,0,0,0,False,0.0,79.6,0.0,0.0,0.0,ROTATION_INVALID
C034,C001,500,500,0,0,0,False,0.0,85,0.0,0.0,0.0,ROTATION_INVALID
C034,C002,500,500,0,0,0,False,0.0,89.2,0.0,0.0,0.0,ROTATION_INVALID
C034,C003,500,500,0,0,0,False,0.0,93.5,0.0,0.0,0.0,ROTATION_INVALID
C034,C004,500,500,0,0,0,False,0.0,104.9,0.0,0.0,0.0,ROTATION_INVALID
C034,C005,500,500,0,0,0,False,0.0,109.8,0.0,0.0,0.0,ROTATION_INVALID
C034,C006,500,500,0,0,0,False,0.0,117.4,0.0,0.0,0.0,ROTATION_INVALID
C034,C007,500,500,0,0,0,False,0.0,127.4,0.0,0.0,0.0,ROTATION_INVALID
C034,C008,500,500,0,0,0,False,0.0,135.6,0.0,0.0,0.0,ROTATION_INVALID
C034,C009,500,500,0,0,0,False,0.0,142.3,0.0,0.0,0.0,ROTATION_INVALID
C034,C010,500,500,0,0,0,False,0.0,150.9,0.0,0.0,0.0,ROTATION_INVALID
C034,C011,500,500,0,0,0,False,0.0,156.8,0.0,0.0,0.0,ROTATION_INVALID
C034,C012,500,500,0,0,0,False,0.0,161.1,0.0,0.0,0.0,ROTATION_INVALID
C034,C013,500,500,0,0,0,False,0.0,167.1,0.0,0.0,0.0,ROTATION_INVALID
C034,C014,500,500,0,0,0,False,0.0,177.7,0.0,0.0,0.0,ROTATION_INVALID
C034,C015,500,500,0,0,0,False,0.0,-168.9,0.0,0.0,0.0,ROTATION_INVALID
C034,C016,500,500,0,0,0,False,0.0,-163.6,0.0,0.0,0.0,ROTATION_INVALID
C034,C017,500,500,0,0,0,False,0.0,-157.7,0.0,0.0,0.0,ROTATION_INVALID
C034,C018,500,500,0,0,0,False,0.0,-147.3,0.0,0.0,0.0,ROTATION_INVALID
C034,C019,500,500,0,0,0,False,0.0,-140.7,0.0,0.0,0.0,ROTATION_INVALID
C034,C020,500,500,0,0,0,False,0.0,-132,0.0,0.0,0.0,ROTATION_INVALID
C034,C021,500,500,0,0,0,False,0.0,-120.8,0.0,0.0,0.0,ROTATION_INVALID
C034,C022,500,500,0,0,0,False,0.0,-106.2,0.0,0.0,0.0,ROTATION_INVALID
C034,C023,500,500,0,0,0,False,0.0,-90.5,0.0,0.0,0.0,ROTATION_INVALID
C034,C024,500,500,0,0,0,False,0.0,-85.6,0.0,0.0,0.0,ROTATION_INVALID
C034,C025,500,500,0,0,0,False,0.0,-80.2,0.0,0.0,0.0,ROTATION_INVALID
C034,C026,500,500,0,0,0,False,0.0,-75.4,0.0,0.0,0.0,ROTATION_INVALID
C034,C027,500,500,0,0,0,False,0.0,-63.5,0.0,0.0,0.0,ROTATION_INVALID
C034,C028,500,500,0,0,0,False,0.0,-53.9,0.0,0.0,0.0,ROTATION_INVALID
C034,C029,500,500,0,0,0,False,0.0,-44.3,0.0,0.0,0.0,ROTATION_INVALID
C034,C030,500,500,3,3,0,False,0.0,-36.2,0.0,0.0,0.0,ROTATION_INVALID
C034,C031,500,500,10,10,10,True,0.9090909090909091,-20.7,31.63,204.05,52.33,ROTATION_INVALID
C034,C032,500,500,26,26,25,True,1.5822784810126582,-10.8,17.35,101.36,28.15,ROTATION_SUSPICIOUS
C034,C033,500,500,109,109,108,True,2.6535626535626538,-4.2,5.7,28.66,9.9,ROTATION_CONSISTENT
C034,C034,500,500,500,500,500,True,3.0,0.0,0.0,0.0,0.0,ROTATION_CONSISTENT
C034,C035,500,500,50,50,48,True,2.0869565217391304,4.2,-10.65,68.09,14.85,ROTATION_SUSPICIOUS
C034,C036,500,500,7,7,6,True,0.594059405940594,11.4,-18.1,104.24,29.5,ROTATION_SUSPICIOUS
C034,C037,500,500,6,6,5,True,0.5102040816326531,20,-32.75,264.53,52.75,ROTATION_INVALID
C034,C038,500,500,2,2,0,False,0.0,28.5,0.0,0.0,0.0,ROTATION_INVALID
C034,C039,500,500,1,1,0,False,0.0,38.4,0.0,0.0,0.0,ROTATION_INVALID
C034,C040,500,500,3,3,0,False,0.0,48.6,0.0,0.0,0.0,ROTATION_INVALID
C034,C041,500,500,0,0,0,False,0.0,57.6,0.0,0.0,0.0,ROTATION_INVALID
C034,C042,500,500,0,0,0,False,0.0,65.9,0.0,0.0,0.0,ROTATION_INVALID
C034,C043,500,500,0,0,0,False,0.0,75.4,0.0,0.0,0.0,ROTATION_INVALID
C035,C001,500,500,0,0,0,False,0.0,80.8,0.0,0.0,0.0,ROTATION_INVALID
C035,C002,500,500,0,0,0,False,0.0,85.0,0.0,0.0,0.0,ROTATION_INVALID
C035,C003,500,500,0,0,0,False,0.0,89.3,0.0,0.0,0.0,ROTATION_INVALID
C035,C004,500,500,0,0,0,False,0.0,100.7,0.0,0.0,0.0,ROTATION_INVALID
C035,C005,500,500,0,0,0,False,0.0,105.6,0.0,0.0,0.0,ROTATION_INVALID
C035,C006,500,500,0,0,0,False,0.0,113.2,0.0,0.0,0.0,ROTATION_INVALID
C035,C007,500,500,0,0,0,False,0.0,123.2,0.0,0.0,0.0,ROTATION_INVALID
C035,C008,500,500,0,0,0,False,0.0,131.4,0.0,0.0,0.0,ROTATION_INVALID
C035,C009,500,500,0,0,0,False,0.0,138.1,0.0,0.0,0.0,ROTATION_INVALID
C035,C010,500,500,0,0,0,False,0.0,146.7,0.0,0.0,0.0,ROTATION_INVALID
C035,C011,500,500,0,0,0,False,0.0,152.6,0.0,0.0,0.0,ROTATION_INVALID
C035,C012,500,500,0,0,0,False,0.0,156.9,0.0,0.0,0.0,ROTATION_INVALID
C035,C013,500,500,0,0,0,False,0.0,162.9,0.0,0.0,0.0,ROTATION_INVALID
C035,C014,500,500,0,0,0,False,0.0,173.5,0.0,0.0,0.0,ROTATION_INVALID
C035,C015,500,500,0,0,0,False,0.0,-173.1,0.0,0.0,0.0,ROTATION_INVALID
C035,C016,500,500,0,0,0,False,0.0,-167.8,0.0,0.0,0.0,ROTATION_INVALID
C035,C017,500,500,0,0,0,False,0.0,-161.9,0.0,0.0,0.0,ROTATION_INVALID
C035,C018,500,500,0,0,0,False,0.0,-151.5,0.0,0.0,0.0,ROTATION_INVALID
C035,C019,500,500,0,0,0,False,0.0,-144.9,0.0,0.0,0.0,ROTATION_INVALID
C035,C020,500,500,0,0,0,False,0.0,-136.2,0.0,0.0,0.0,ROTATION_INVALID
C035,C021,500,500,0,0,0,False,0.0,-125.0,0.0,0.0,0.0,ROTATION_INVALID
C035,C022,500,500,0,0,0,False,0.0,-110.4,0.0,0.0,0.0,ROTATION_INVALID
C035,C023,500,500,0,0,0,False,0.0,-94.7,0.0,0.0,0.0,ROTATION_INVALID
C035,C024,500,500,0,0,0,False,0.0,-89.8,0.0,0.0,0.0,ROTATION_INVALID
C035,C025,500,500,0,0,0,False,0.0,-84.4,0.0,0.0,0.0,ROTATION_INVALID
C035,C026,500,500,0,0,0,False,0.0,-79.6,0.0,0.0,0.0,ROTATION_INVALID
C035,C027,500,500,0,0,0,False,0.0,-67.7,0.0,0.0,0.0,ROTATION_INVALID
C035,C028,500,500,0,0,0,False,0.0,-58.1,0.0,0.0,0.0,ROTATION_INVALID
C035,C029,500,500,1,1,0,False,0.0,-48.5,0.0,0.0,0.0,ROTATION_INVALID
C035,C030,500,500,2,2,0,False,0.0,-40.4,0.0,0.0,0.0,ROTATION_INVALID
C035,C031,500,500,5,5,0,False,0.0,-24.9,0.0,0.0,0.0,ROTATION_INVALID
C035,C032,500,500,14,14,14,True,1.1475409836065575,-15.0,32.13,269.48,47.13,ROTATION_INVALID
C035,C033,500,500,30,30,29,True,1.7058823529411764,-8.4,16.34,105.75,24.74,ROTATION_SUSPICIOUS
C035,C034,500,500,50,50,48,True,2.0869565217391304,-4.2,11.17,86.02,15.37,ROTATION_SUSPICIOUS
C035,C035,500,500,500,500,500,True,3.0,0.0,0.0,0.0,0.0,ROTATION_CONSISTENT
C035,C036,500,500,18,18,17,True,1.2686567164179106,7.2,-10.26,54.6,17.46,ROTATION_SUSPICIOUS
C035,C037,500,500,8,8,7,True,0.673076923076923,15.8,-17.28,98.72,33.08,ROTATION_INVALID
C035,C038,500,500,4,4,0,False,0.0,24.3,0.0,0.0,0.0,ROTATION_INVALID
C035,C039,500,500,3,3,0,False,0.0,34.2,0.0,0.0,0.0,ROTATION_INVALID
C035,C040,500,500,2,2,0,False,0.0,44.4,0.0,0.0,0.0,ROTATION_INVALID
C035,C041,500,500,0,0,0,False,0.0,53.4,0.0,0.0,0.0,ROTATION_INVALID
C035,C042,500,500,0,0,0,False,0.0,61.7,0.0,0.0,0.0,ROTATION_INVALID
C035,C043,500,500,0,0,0,False,0.0,71.2,0.0,0.0,0.0,ROTATION_INVALID
C036,C001,500,500,1,1,0,False,0.0,73.6,0.0,0.0,0.0,ROTATION_INVALID
C036,C002,500,500,0,0,0,False,0.0,77.8,0.0,0.0,0.0,ROTATION_INVALID
C036,C003,500,500,0,0,0,False,0.0,82.1,0.0,0.0,0.0,ROTATION_INVALID
C036,C004,500,500,0,0,0,False,0.0,93.5,0.0,0.0,0.0,ROTATION_INVALID
C036,C005,500,500,0,0,0,False,0.0,98.4,0.0,0.0,0.0,ROTATION_INVALID
C036,C006,500,500,0,0,0,False,0.0,106.0,0.0,0.0,0.0,ROTATION_INVALID
C036,C007,500,500,0,0,0,False,0.0,116.0,0.0,0.0,0.0,ROTATION_INVALID
C036,C008,500,500,0,0,0,False,0.0,124.2,0.0,0.0,0.0,ROTATION_INVALID
C036,C009,500,500,0,0,0,False,0.0,130.9,0.0,0.0,0.0,ROTATION_INVALID
C036,C010,500,500,0,0,0,False,0.0,139.5,0.0,0.0,0.0,ROTATION_INVALID
C036,C011,500,500,0,0,0,False,0.0,145.4,0.0,0.0,0.0,ROTATION_INVALID
C036,C012,500,500,0,0,0,False,0.0,149.7,0.0,0.0,0.0,ROTATION_INVALID
C036,C013,500,500,0,0,0,False,0.0,155.7,0.0,0.0,0.0,ROTATION_INVALID
C036,C014,500,500,0,0,0,False,0.0,166.3,0.0,0.0,0.0,ROTATION_INVALID
C036,C015,500,500,0,0,0,False,0.0,179.7,0.0,0.0,0.0,ROTATION_INVALID
C036,C016,500,500,0,0,0,False,0.0,-175.0,0.0,0.0,0.0,ROTATION_INVALID
C036,C017,500,500,1,1,0,False,0.0,-169.1,0.0,0.0,0.0,ROTATION_INVALID
C036,C018,500,500,0,0,0,False,0.0,-158.7,0.0,0.0,0.0,ROTATION_INVALID
C036,C019,500,500,0,0,0,False,0.0,-152.1,0.0,0.0,0.0,ROTATION_INVALID
C036,C020,500,500,0,0,0,False,0.0,-143.4,0.0,0.0,0.0,ROTATION_INVALID
C036,C021,500,500,0,0,0,False,0.0,-132.2,0.0,0.0,0.0,ROTATION_INVALID
C036,C022,500,500,0,0,0,False,0.0,-117.6,0.0,0.0,0.0,ROTATION_INVALID
C036,C023,500,500,0,0,0,False,0.0,-101.9,0.0,0.0,0.0,ROTATION_INVALID
C036,C024,500,500,0,0,0,False,0.0,-97.0,0.0,0.0,0.0,ROTATION_INVALID
C036,C025,500,500,0,0,0,False,0.0,-91.6,0.0,0.0,0.0,ROTATION_INVALID
C036,C026,500,500,0,0,0,False,0.0,-86.8,0.0,0.0,0.0,ROTATION_INVALID
C036,C027,500,500,0,0,0,False,0.0,-74.9,0.0,0.0,0.0,ROTATION_INVALID
C036,C028,500,500,0,0,0,False,0.0,-65.3,0.0,0.0,0.0,ROTATION_INVALID
C036,C029,500,500,0,0,0,False,0.0,-55.7,0.0,0.0,0.0,ROTATION_INVALID
C036,C030,500,500,0,0,0,False,0.0,-47.6,0.0,0.0,0.0,ROTATION_INVALID
C036,C031,500,500,3,3,0,False,0.0,-32.1,0.0,0.0,0.0,ROTATION_INVALID
C036,C032,500,500,3,3,0,False,0.0,-22.2,0.0,0.0,0.0,ROTATION_INVALID
C036,C033,500,500,3,3,0,False,0.0,-15.6,0.0,0.0,0.0,ROTATION_INVALID
C036,C034,500,500,7,7,6,True,0.594059405940594,-11.4,19.39,153.32,30.79,ROTATION_INVALID
C036,C035,500,500,18,18,17,True,1.2686567164179106,-7.2,10.63,69.0,17.83,ROTATION_SUSPICIOUS
C036,C036,500,500,500,500,500,True,3.0,0.0,0.0,0.0,0.0,ROTATION_CONSISTENT
C036,C037,500,500,28,28,24,True,1.4634146341463417,8.6,-8.32,46.46,16.92,ROTATION_SUSPICIOUS
C036,C038,500,500,11,11,11,True,0.9734513274336283,17.1,-12.31,60.46,29.41,ROTATION_SUSPICIOUS
C036,C039,500,500,9,9,9,True,0.8411214953271029,27.0,-14.14,76.13,41.14,ROTATION_INVALID
C036,C040,500,500,3,3,0,False,0.0,37.2,0.0,0.0,0.0,ROTATION_INVALID
C036,C041,500,500,1,1,0,False,0.0,46.2,0.0,0.0,0.0,ROTATION_INVALID
C036,C042,500,500,1,1,0,False,0.0,54.5,0.0,0.0,0.0,ROTATION_INVALID
C036,C043,500,500,0,0,0,False,0.0,64.0,0.0,0.0,0.0,ROTATION_INVALID
C037,C001,500,500,0,0,0,False,0.0,65,0.0,0.0,0.0,ROTATION_INVALID
C037,C002,500,500,0,0,0,False,0.0,69.2,0.0,0.0,0.0,ROTATION_INVALID
C037,C003,500,500,0,0,0,False,0.0,73.5,0.0,0.0,0.0,ROTATION_INVALID
C037,C004,500,500,0,0,0,False,0.0,84.9,0.0,0.0,0.0,ROTATION_INVALID
C037,C005,500,500,0,0,0,False,0.0,89.8,0.0,0.0,0.0,ROTATION_INVALID
C037,C006,500,500,0,0,0,False,0.0,97.4,0.0,0.0,0.0,ROTATION_INVALID
C037,C007,500,500,0,0,0,False,0.0,107.4,0.0,0.0,0.0,ROTATION_INVALID
C037,C008,500,500,0,0,0,False,0.0,115.6,0.0,0.0,0.0,ROTATION_INVALID
C037,C009,500,500,0,0,0,False,0.0,122.3,0.0,0.0,0.0,ROTATION_INVALID
C037,C010,500,500,0,0,0,False,0.0,130.9,0.0,0.0,0.0,ROTATION_INVALID
C037,C011,500,500,0,0,0,False,0.0,136.8,0.0,0.0,0.0,ROTATION_INVALID
C037,C012,500,500,0,0,0,False,0.0,141.1,0.0,0.0,0.0,ROTATION_INVALID
C037,C013,500,500,0,0,0,False,0.0,147.1,0.0,0.0,0.0,ROTATION_INVALID
C037,C014,500,500,0,0,0,False,0.0,157.7,0.0,0.0,0.0,ROTATION_INVALID
C037,C015,500,500,0,0,0,False,0.0,171.1,0.0,0.0,0.0,ROTATION_INVALID
C037,C016,500,500,0,0,0,False,0.0,176.4,0.0,0.0,0.0,ROTATION_INVALID
C037,C017,500,500,0,0,0,False,0.0,-177.7,0.0,0.0,0.0,ROTATION_INVALID
C037,C018,500,500,0,0,0,False,0.0,-167.3,0.0,0.0,0.0,ROTATION_INVALID
C037,C019,500,500,0,0,0,False,0.0,-160.7,0.0,0.0,0.0,ROTATION_INVALID
C037,C020,500,500,0,0,0,False,0.0,-152,0.0,0.0,0.0,ROTATION_INVALID
C037,C021,500,500,0,0,0,False,0.0,-140.8,0.0,0.0,0.0,ROTATION_INVALID
C037,C022,500,500,0,0,0,False,0.0,-126.2,0.0,0.0,0.0,ROTATION_INVALID
C037,C023,500,500,0,0,0,False,0.0,-110.5,0.0,0.0,0.0,ROTATION_INVALID
C037,C024,500,500,0,0,0,False,0.0,-105.6,0.0,0.0,0.0,ROTATION_INVALID
C037,C025,500,500,0,0,0,False,0.0,-100.2,0.0,0.0,0.0,ROTATION_INVALID
C037,C026,500,500,1,1,0,False,0.0,-95.4,0.0,0.0,0.0,ROTATION_INVALID
C037,C027,500,500,0,0,0,False,0.0,-83.5,0.0,0.0,0.0,ROTATION_INVALID
C037,C028,500,500,0,0,0,False,0.0,-73.9,0.0,0.0,0.0,ROTATION_INVALID
C037,C029,500,500,0,0,0,False,0.0,-64.3,0.0,0.0,0.0,ROTATION_INVALID
C037,C030,500,500,0,0,0,False,0.0,-56.2,0.0,0.0,0.0,ROTATION_INVALID
C037,C031,500,500,0,0,0,False,0.0,-40.7,0.0,0.0,0.0,ROTATION_INVALID
C037,C032,500,500,0,0,0,False,0.0,-30.8,0.0,0.0,0.0,ROTATION_INVALID
C037,C033,500,500,1,1,0,False,0.0,-24.2,0.0,0.0,0.0,ROTATION_INVALID
C037,C034,500,500,6,6,5,True,0.5102040816326531,-20,40.5,2625.57,60.5,ROTATION_INVALID
C037,C035,500,500,8,8,7,True,0.673076923076923,-15.8,18.37,148.06,34.17,ROTATION_INVALID
C037,C036,500,500,28,28,24,True,1.4634146341463417,-8.6,8.54,53.95,17.14,ROTATION_SUSPICIOUS
C037,C037,500,500,500,500,500,True,3.0,0.0,0.0,0.0,0.0,ROTATION_CONSISTENT
C037,C038,500,500,62,62,54,True,2.030075187969925,8.5,-4.91,37.42,13.41,ROTATION_SUSPICIOUS
C037,C039,500,500,40,40,36,True,1.8,18.4,-6.96,48.13,25.36,ROTATION_SUSPICIOUS
C037,C040,500,500,37,37,31,True,1.6230366492146595,28.6,-9.61,62.41,38.21,ROTATION_INVALID
C037,C041,500,500,5,5,0,False,0.0,37.6,0.0,0.0,0.0,ROTATION_INVALID
C037,C042,500,500,5,5,0,False,0.0,45.9,0.0,0.0,0.0,ROTATION_INVALID
C037,C043,500,500,0,0,0,False,0.0,55.4,0.0,0.0,0.0,ROTATION_INVALID
C038,C001,500,500,0,0,0,False,0.0,56.5,0.0,0.0,0.0,ROTATION_INVALID
C038,C002,500,500,0,0,0,False,0.0,60.7,0.0,0.0,0.0,ROTATION_INVALID
C038,C003,500,500,0,0,0,False,0.0,65.0,0.0,0.0,0.0,ROTATION_INVALID
C038,C004,500,500,0,0,0,False,0.0,76.4,0.0,0.0,0.0,ROTATION_INVALID
C038,C005,500,500,0,0,0,False,0.0,81.3,0.0,0.0,0.0,ROTATION_INVALID
C038,C006,500,500,0,0,0,False,0.0,88.9,0.0,0.0,0.0,ROTATION_INVALID
C038,C007,500,500,0,0,0,False,0.0,98.9,0.0,0.0,0.0,ROTATION_INVALID
C038,C008,500,500,0,0,0,False,0.0,107.1,0.0,0.0,0.0,ROTATION_INVALID
C038,C009,500,500,0,0,0,False,0.0,113.8,0.0,0.0,0.0,ROTATION_INVALID
C038,C010,500,500,0,0,0,False,0.0,122.4,0.0,0.0,0.0,ROTATION_INVALID
C038,C011,500,500,0,0,0,False,0.0,128.3,0.0,0.0,0.0,ROTATION_INVALID
C038,C012,500,500,0,0,0,False,0.0,132.6,0.0,0.0,0.0,ROTATION_INVALID
C038,C013,500,500,0,0,0,False,0.0,138.6,0.0,0.0,0.0,ROTATION_INVALID
C038,C014,500,500,0,0,0,False,0.0,149.2,0.0,0.0,0.0,ROTATION_INVALID
C038,C015,500,500,0,0,0,False,0.0,162.6,0.0,0.0,0.0,ROTATION_INVALID
C038,C016,500,500,0,0,0,False,0.0,167.9,0.0,0.0,0.0,ROTATION_INVALID
C038,C017,500,500,0,0,0,False,0.0,173.8,0.0,0.0,0.0,ROTATION_INVALID
C038,C018,500,500,0,0,0,False,0.0,-175.8,0.0,0.0,0.0,ROTATION_INVALID
C038,C019,500,500,0,0,0,False,0.0,-169.2,0.0,0.0,0.0,ROTATION_INVALID
C038,C020,500,500,0,0,0,False,0.0,-160.5,0.0,0.0,0.0,ROTATION_INVALID
C038,C021,500,500,0,0,0,False,0.0,-149.3,0.0,0.0,0.0,ROTATION_INVALID
C038,C022,500,500,0,0,0,False,0.0,-134.7,0.0,0.0,0.0,ROTATION_INVALID
C038,C023,500,500,0,0,0,False,0.0,-119.0,0.0,0.0,0.0,ROTATION_INVALID
C038,C024,500,500,0,0,0,False,0.0,-114.1,0.0,0.0,0.0,ROTATION_INVALID
C038,C025,500,500,0,0,0,False,0.0,-108.7,0.0,0.0,0.0,ROTATION_INVALID
C038,C026,500,500,0,0,0,False,0.0,-103.9,0.0,0.0,0.0,ROTATION_INVALID
C038,C027,500,500,0,0,0,False,0.0,-92.0,0.0,0.0,0.0,ROTATION_INVALID
C038,C028,500,500,0,0,0,False,0.0,-82.4,0.0,0.0,0.0,ROTATION_INVALID
C038,C029,500,500,0,0,0,False,0.0,-72.8,0.0,0.0,0.0,ROTATION_INVALID
C038,C030,500,500,0,0,0,False,0.0,-64.7,0.0,0.0,0.0,ROTATION_INVALID
C038,C031,500,500,0,0,0,False,0.0,-49.2,0.0,0.0,0.0,ROTATION_INVALID
C038,C032,500,500,0,0,0,False,0.0,-39.3,0.0,0.0,0.0,ROTATION_INVALID
C038,C033,500,500,0,0,0,False,0.0,-32.7,0.0,0.0,0.0,ROTATION_INVALID
C038,C034,500,500,2,2,0,False,0.0,-28.5,0.0,0.0,0.0,ROTATION_INVALID
C038,C035,500,500,4,4,0,False,0.0,-24.3,0.0,0.0,0.0,ROTATION_INVALID
C038,C036,500,500,11,11,11,True,0.9734513274336283,-17.1,12.82,67.44,29.92,ROTATION_SUSPICIOUS
C038,C037,500,500,62,62,54,True,2.030075187969925,-8.5,5.03,40.74,13.53,ROTATION_SUSPICIOUS
C038,C038,500,500,500,500,500,True,3.0,0.0,0.0,0.0,0.0,ROTATION_CONSISTENT
C038,C039,500,500,116,116,114,True,2.663551401869159,9.9,-1.74,10.7,11.64,ROTATION_CONSISTENT
C038,C040,500,500,69,69,65,True,2.264808362369338,20.1,-6.29,48.04,26.39,ROTATION_SUSPICIOUS
C038,C041,500,500,14,14,11,True,0.9016393442622951,29.1,-13.29,85.71,42.39,ROTATION_INVALID
C038,C042,500,500,7,7,7,True,0.6930693069306931,37.4,-15.42,147.55,52.82,ROTATION_INVALID
C038,C043,500,500,0,0,0,False,0.0,46.9,0.0,0.0,0.0,ROTATION_INVALID
C039,C001,500,500,0,0,0,False,0.0,46.6,0.0,0.0,0.0,ROTATION_INVALID
C039,C002,500,500,0,0,0,False,0.0,50.8,0.0,0.0,0.0,ROTATION_INVALID
C039,C003,500,500,0,0,0,False,0.0,55.1,0.0,0.0,0.0,ROTATION_INVALID
C039,C004,500,500,0,0,0,False,0.0,66.5,0.0,0.0,0.0,ROTATION_INVALID
C039,C005,500,500,0,0,0,False,0.0,71.4,0.0,0.0,0.0,ROTATION_INVALID
C039,C006,500,500,0,0,0,False,0.0,79.0,0.0,0.0,0.0,ROTATION_INVALID
C039,C007,500,500,0,0,0,False,0.0,89.0,0.0,0.0,0.0,ROTATION_INVALID
C039,C008,500,500,0,0,0,False,0.0,97.2,0.0,0.0,0.0,ROTATION_INVALID
C039,C009,500,500,0,0,0,False,0.0,103.9,0.0,0.0,0.0,ROTATION_INVALID
C039,C010,500,500,0,0,0,False,0.0,112.5,0.0,0.0,0.0,ROTATION_INVALID
C039,C011,500,500,0,0,0,False,0.0,118.4,0.0,0.0,0.0,ROTATION_INVALID
C039,C012,500,500,0,0,0,False,0.0,122.7,0.0,0.0,0.0,ROTATION_INVALID
C039,C013,500,500,0,0,0,False,0.0,128.7,0.0,0.0,0.0,ROTATION_INVALID
C039,C014,500,500,0,0,0,False,0.0,139.3,0.0,0.0,0.0,ROTATION_INVALID
C039,C015,500,500,0,0,0,False,0.0,152.7,0.0,0.0,0.0,ROTATION_INVALID
C039,C016,500,500,0,0,0,False,0.0,158.0,0.0,0.0,0.0,ROTATION_INVALID
C039,C017,500,500,0,0,0,False,0.0,163.9,0.0,0.0,0.0,ROTATION_INVALID
C039,C018,500,500,0,0,0,False,0.0,174.3,0.0,0.0,0.0,ROTATION_INVALID
C039,C019,500,500,0,0,0,False,0.0,-179.1,0.0,0.0,0.0,ROTATION_INVALID
C039,C020,500,500,0,0,0,False,0.0,-170.4,0.0,0.0,0.0,ROTATION_INVALID
C039,C021,500,500,0,0,0,False,0.0,-159.2,0.0,0.0,0.0,ROTATION_INVALID
C039,C022,500,500,0,0,0,False,0.0,-144.6,0.0,0.0,0.0,ROTATION_INVALID
C039,C023,500,500,0,0,0,False,0.0,-128.9,0.0,0.0,0.0,ROTATION_INVALID
C039,C024,500,500,0,0,0,False,0.0,-124.0,0.0,0.0,0.0,ROTATION_INVALID
C039,C025,500,500,0,0,0,False,0.0,-118.6,0.0,0.0,0.0,ROTATION_INVALID
C039,C026,500,500,0,0,0,False,0.0,-113.8,0.0,0.0,0.0,ROTATION_INVALID
C039,C027,500,500,0,0,0,False,0.0,-101.9,0.0,0.0,0.0,ROTATION_INVALID
C039,C028,500,500,0,0,0,False,0.0,-92.3,0.0,0.0,0.0,ROTATION_INVALID
C039,C029,500,500,0,0,0,False,0.0,-82.7,0.0,0.0,0.0,ROTATION_INVALID
C039,C030,500,500,0,0,0,False,0.0,-74.6,0.0,0.0,0.0,ROTATION_INVALID
C039,C031,500,500,0,0,0,False,0.0,-59.1,0.0,0.0,0.0,ROTATION_INVALID
C039,C032,500,500,0,0,0,False,0.0,-49.2,0.0,0.0,0.0,ROTATION_INVALID
C039,C033,500,500,1,1,0,False,0.0,-42.6,0.0,0.0,0.0,ROTATION_INVALID
C039,C034,500,500,1,1,0,False,0.0,-38.4,0.0,0.0,0.0,ROTATION_INVALID
C039,C035,500,500,3,3,0,False,0.0,-34.2,0.0,0.0,0.0,ROTATION_INVALID
C039,C036,500,500,9,9,9,True,0.8411214953271029,-27.0,14.92,88.92,41.92,ROTATION_INVALID
C039,C037,500,500,40,40,36,True,1.8,-18.4,7.23,53.09,25.63,ROTATION_SUSPICIOUS
C039,C038,500,500,116,116,114,True,2.663551401869159,-9.9,1.75,10.76,11.65,ROTATION_CONSISTENT
C039,C039,500,500,500,500,500,True,3.0,0.0,0.0,0.0,0.0,ROTATION_CONSISTENT
C039,C040,500,500,94,94,89,True,2.458563535911602,10.2,-3.06,17.84,13.26,ROTATION_SUSPICIOUS
C039,C041,500,500,26,26,19,True,1.2025316455696202,19.2,-12.48,75.29,31.68,ROTATION_INVALID
C039,C042,500,500,11,11,11,True,0.9734513274336283,27.5,-16.73,92.1,44.23,ROTATION_INVALID
C039,C043,500,500,3,3,0,False,0.0,37.0,0.0,0.0,0.0,ROTATION_INVALID
C040,C001,500,500,0,0,0,False,0.0,36.4,0.0,0.0,0.0,ROTATION_INVALID
C040,C002,500,500,0,0,0,False,0.0,40.6,0.0,0.0,0.0,ROTATION_INVALID
C040,C003,500,500,0,0,0,False,0.0,44.9,0.0,0.0,0.0,ROTATION_INVALID
C040,C004,500,500,0,0,0,False,0.0,56.3,0.0,0.0,0.0,ROTATION_INVALID
C040,C005,500,500,0,0,0,False,0.0,61.2,0.0,0.0,0.0,ROTATION_INVALID
C040,C006,500,500,0,0,0,False,0.0,68.8,0.0,0.0,0.0,ROTATION_INVALID
C040,C007,500,500,0,0,0,False,0.0,78.8,0.0,0.0,0.0,ROTATION_INVALID
C040,C008,500,500,0,0,0,False,0.0,87.0,0.0,0.0,0.0,ROTATION_INVALID
C040,C009,500,500,0,0,0,False,0.0,93.7,0.0,0.0,0.0,ROTATION_INVALID
C040,C010,500,500,0,0,0,False,0.0,102.3,0.0,0.0,0.0,ROTATION_INVALID
C040,C011,500,500,0,0,0,False,0.0,108.2,0.0,0.0,0.0,ROTATION_INVALID
C040,C012,500,500,0,0,0,False,0.0,112.5,0.0,0.0,0.0,ROTATION_INVALID
C040,C013,500,500,0,0,0,False,0.0,118.5,0.0,0.0,0.0,ROTATION_INVALID
C040,C014,500,500,0,0,0,False,0.0,129.1,0.0,0.0,0.0,ROTATION_INVALID
C040,C015,500,500,0,0,0,False,0.0,142.5,0.0,0.0,0.0,ROTATION_INVALID
C040,C016,500,500,0,0,0,False,0.0,147.8,0.0,0.0,0.0,ROTATION_INVALID
C040,C017,500,500,0,0,0,False,0.0,153.7,0.0,0.0,0.0,ROTATION_INVALID
C040,C018,500,500,0,0,0,False,0.0,164.1,0.0,0.0,0.0,ROTATION_INVALID
C040,C019,500,500,0,0,0,False,0.0,170.7,0.0,0.0,0.0,ROTATION_INVALID
C040,C020,500,500,0,0,0,False,0.0,179.4,0.0,0.0,0.0,ROTATION_INVALID
C040,C021,500,500,0,0,0,False,0.0,-169.4,0.0,0.0,0.0,ROTATION_INVALID
C040,C022,500,500,0,0,0,False,0.0,-154.8,0.0,0.0,0.0,ROTATION_INVALID
C040,C023,500,500,0,0,0,False,0.0,-139.1,0.0,0.0,0.0,ROTATION_INVALID
C040,C024,500,500,0,0,0,False,0.0,-134.2,0.0,0.0,0.0,ROTATION_INVALID
C040,C025,500,500,0,0,0,False,0.0,-128.8,0.0,0.0,0.0,ROTATION_INVALID
C040,C026,500,500,0,0,0,False,0.0,-124.0,0.0,0.0,0.0,ROTATION_INVALID
C040,C027,500,500,0,0,0,False,0.0,-112.1,0.0,0.0,0.0,ROTATION_INVALID
C040,C028,500,500,0,0,0,False,0.0,-102.5,0.0,0.0,0.0,ROTATION_INVALID
C040,C029,500,500,0,0,0,False,0.0,-92.9,0.0,0.0,0.0,ROTATION_INVALID
C040,C030,500,500,0,0,0,False,0.0,-84.8,0.0,0.0,0.0,ROTATION_INVALID
C040,C031,500,500,0,0,0,False,0.0,-69.3,0.0,0.0,0.0,ROTATION_INVALID
C040,C032,500,500,0,0,0,False,0.0,-59.4,0.0,0.0,0.0,ROTATION_INVALID
C040,C033,500,500,0,0,0,False,0.0,-52.8,0.0,0.0,0.0,ROTATION_INVALID
C040,C034,500,500,3,3,0,False,0.0,-48.6,0.0,0.0,0.0,ROTATION_INVALID
C040,C035,500,500,2,2,0,False,0.0,-44.4,0.0,0.0,0.0,ROTATION_INVALID
C040,C036,500,500,3,3,0,False,0.0,-37.2,0.0,0.0,0.0,ROTATION_INVALID
C040,C037,500,500,37,37,31,True,1.6230366492146595,-28.6,10.15,71.46,38.75,ROTATION_INVALID
C040,C038,500,500,69,69,65,True,2.264808362369338,-20.1,6.52,55.23,26.62,ROTATION_SUSPICIOUS
C040,C039,500,500,94,94,89,True,2.458563535911602,-10.2,3.1,18.6,13.3,ROTATION_SUSPICIOUS
C040,C040,500,500,500,500,500,True,3.0,0.0,0.0,0.0,0.0,ROTATION_CONSISTENT
C040,C041,500,500,35,35,28,True,1.5135135135135136,9.0,-7.22,38.92,16.22,ROTATION_SUSPICIOUS
C040,C042,500,500,19,19,17,True,1.2408759124087592,17.3,-15.17,107.52,32.47,ROTATION_INVALID
C040,C043,500,500,5,5,0,False,0.0,26.8,0.0,0.0,0.0,ROTATION_INVALID
C041,C001,500,500,0,0,0,False,0.0,27.4,0.0,0.0,0.0,ROTATION_INVALID
C041,C002,500,500,0,0,0,False,0.0,31.6,0.0,0.0,0.0,ROTATION_INVALID
C041,C003,500,500,0,0,0,False,0.0,35.9,0.0,0.0,0.0,ROTATION_INVALID
C041,C004,500,500,0,0,0,False,0.0,47.3,0.0,0.0,0.0,ROTATION_INVALID
C041,C005,500,500,0,0,0,False,0.0,52.2,0.0,0.0,0.0,ROTATION_INVALID
C041,C006,500,500,0,0,0,False,0.0,59.8,0.0,0.0,0.0,ROTATION_INVALID
C041,C007,500,500,0,0,0,False,0.0,69.8,0.0,0.0,0.0,ROTATION_INVALID
C041,C008,500,500,0,0,0,False,0.0,78.0,0.0,0.0,0.0,ROTATION_INVALID
C041,C009,500,500,0,0,0,False,0.0,84.7,0.0,0.0,0.0,ROTATION_INVALID
C041,C010,500,500,0,0,0,False,0.0,93.3,0.0,0.0,0.0,ROTATION_INVALID
C041,C011,500,500,0,0,0,False,0.0,99.2,0.0,0.0,0.0,ROTATION_INVALID
C041,C012,500,500,0,0,0,False,0.0,103.5,0.0,0.0,0.0,ROTATION_INVALID
C041,C013,500,500,0,0,0,False,0.0,109.5,0.0,0.0,0.0,ROTATION_INVALID
C041,C014,500,500,0,0,0,False,0.0,120.1,0.0,0.0,0.0,ROTATION_INVALID
C041,C015,500,500,0,0,0,False,0.0,133.5,0.0,0.0,0.0,ROTATION_INVALID
C041,C016,500,500,0,0,0,False,0.0,138.8,0.0,0.0,0.0,ROTATION_INVALID
C041,C017,500,500,0,0,0,False,0.0,144.7,0.0,0.0,0.0,ROTATION_INVALID
C041,C018,500,500,0,0,0,False,0.0,155.1,0.0,0.0,0.0,ROTATION_INVALID
C041,C019,500,500,0,0,0,False,0.0,161.7,0.0,0.0,0.0,ROTATION_INVALID
C041,C020,500,500,0,0,0,False,0.0,170.4,0.0,0.0,0.0,ROTATION_INVALID
C041,C021,500,500,0,0,0,False,0.0,-178.4,0.0,0.0,0.0,ROTATION_INVALID
C041,C022,500,500,0,0,0,False,0.0,-163.8,0.0,0.0,0.0,ROTATION_INVALID
C041,C023,500,500,0,0,0,False,0.0,-148.1,0.0,0.0,0.0,ROTATION_INVALID
C041,C024,500,500,0,0,0,False,0.0,-143.2,0.0,0.0,0.0,ROTATION_INVALID
C041,C025,500,500,0,0,0,False,0.0,-137.8,0.0,0.0,0.0,ROTATION_INVALID
C041,C026,500,500,0,0,0,False,0.0,-133.0,0.0,0.0,0.0,ROTATION_INVALID
C041,C027,500,500,0,0,0,False,0.0,-121.1,0.0,0.0,0.0,ROTATION_INVALID
C041,C028,500,500,0,0,0,False,0.0,-111.5,0.0,0.0,0.0,ROTATION_INVALID
C041,C029,500,500,0,0,0,False,0.0,-101.9,0.0,0.0,0.0,ROTATION_INVALID
C041,C030,500,500,0,0,0,False,0.0,-93.8,0.0,0.0,0.0,ROTATION_INVALID
C041,C031,500,500,0,0,0,False,0.0,-78.3,0.0,0.0,0.0,ROTATION_INVALID
C041,C032,500,500,0,0,0,False,0.0,-68.4,0.0,0.0,0.0,ROTATION_INVALID
C041,C033,500,500,0,0,0,False,0.0,-61.8,0.0,0.0,0.0,ROTATION_INVALID
C041,C034,500,500,0,0,0,False,0.0,-57.6,0.0,0.0,0.0,ROTATION_INVALID
C041,C035,500,500,0,0,0,False,0.0,-53.4,0.0,0.0,0.0,ROTATION_INVALID
C041,C036,500,500,1,1,0,False,0.0,-46.2,0.0,0.0,0.0,ROTATION_INVALID
C041,C037,500,500,5,5,0,False,0.0,-37.6,0.0,0.0,0.0,ROTATION_INVALID
C041,C038,500,500,14,14,11,True,0.9016393442622951,-29.1,14.37,104.32,43.47,ROTATION_INVALID
C041,C039,500,500,26,26,19,True,1.2025316455696202,-19.2,13.34,95.64,32.54,ROTATION_INVALID
C041,C040,500,500,35,35,28,True,1.5135135135135136,-9.0,7.47,41.53,16.47,ROTATION_SUSPICIOUS
C041,C041,500,500,500,500,500,True,3.0,0.0,0.0,0.0,0.0,ROTATION_CONSISTENT
C041,C042,500,500,66,66,63,True,2.2661870503597124,8.3,-6.04,27.81,14.34,ROTATION_SUSPICIOUS
C041,C043,500,500,20,20,18,True,1.2857142857142858,17.8,-12.38,48.01,30.18,ROTATION_INVALID
C042,C001,500,500,0,0,0,False,0.0,19.1,0.0,0.0,0.0,ROTATION_INVALID
C042,C002,500,500,0,0,0,False,0.0,23.3,0.0,0.0,0.0,ROTATION_INVALID
C042,C003,500,500,0,0,0,False,0.0,27.6,0.0,0.0,0.0,ROTATION_INVALID
C042,C004,500,500,0,0,0,False,0.0,39.0,0.0,0.0,0.0,ROTATION_INVALID
C042,C005,500,500,0,0,0,False,0.0,43.9,0.0,0.0,0.0,ROTATION_INVALID
C042,C006,500,500,0,0,0,False,0.0,51.5,0.0,0.0,0.0,ROTATION_INVALID
C042,C007,500,500,0,0,0,False,0.0,61.5,0.0,0.0,0.0,ROTATION_INVALID
C042,C008,500,500,0,0,0,False,0.0,69.7,0.0,0.0,0.0,ROTATION_INVALID
C042,C009,500,500,0,0,0,False,0.0,76.4,0.0,0.0,0.0,ROTATION_INVALID
C042,C010,500,500,0,0,0,False,0.0,85.0,0.0,0.0,0.0,ROTATION_INVALID
C042,C011,500,500,0,0,0,False,0.0,90.9,0.0,0.0,0.0,ROTATION_INVALID
C042,C012,500,500,0,0,0,False,0.0,95.2,0.0,0.0,0.0,ROTATION_INVALID
C042,C013,500,500,0,0,0,False,0.0,101.2,0.0,0.0,0.0,ROTATION_INVALID
C042,C014,500,500,0,0,0,False,0.0,111.8,0.0,0.0,0.0,ROTATION_INVALID
C042,C015,500,500,0,0,0,False,0.0,125.2,0.0,0.0,0.0,ROTATION_INVALID
C042,C016,500,500,0,0,0,False,0.0,130.5,0.0,0.0,0.0,ROTATION_INVALID
C042,C017,500,500,0,0,0,False,0.0,136.4,0.0,0.0,0.0,ROTATION_INVALID
C042,C018,500,500,0,0,0,False,0.0,146.8,0.0,0.0,0.0,ROTATION_INVALID
C042,C019,500,500,0,0,0,False,0.0,153.4,0.0,0.0,0.0,ROTATION_INVALID
C042,C020,500,500,0,0,0,False,0.0,162.1,0.0,0.0,0.0,ROTATION_INVALID
C042,C021,500,500,0,0,0,False,0.0,173.3,0.0,0.0,0.0,ROTATION_INVALID
C042,C022,500,500,0,0,0,False,0.0,-172.1,0.0,0.0,0.0,ROTATION_INVALID
C042,C023,500,500,0,0,0,False,0.0,-156.4,0.0,0.0,0.0,ROTATION_INVALID
C042,C024,500,500,0,0,0,False,0.0,-151.5,0.0,0.0,0.0,ROTATION_INVALID
C042,C025,500,500,0,0,0,False,0.0,-146.1,0.0,0.0,0.0,ROTATION_INVALID
C042,C026,500,500,0,0,0,False,0.0,-141.3,0.0,0.0,0.0,ROTATION_INVALID
C042,C027,500,500,0,0,0,False,0.0,-129.4,0.0,0.0,0.0,ROTATION_INVALID
C042,C028,500,500,0,0,0,False,0.0,-119.8,0.0,0.0,0.0,ROTATION_INVALID
C042,C029,500,500,0,0,0,False,0.0,-110.2,0.0,0.0,0.0,ROTATION_INVALID
C042,C030,500,500,0,0,0,False,0.0,-102.1,0.0,0.0,0.0,ROTATION_INVALID
C042,C031,500,500,0,0,0,False,0.0,-86.6,0.0,0.0,0.0,ROTATION_INVALID
C042,C032,500,500,1,1,0,False,0.0,-76.7,0.0,0.0,0.0,ROTATION_INVALID
C042,C033,500,500,0,0,0,False,0.0,-70.1,0.0,0.0,0.0,ROTATION_INVALID
C042,C034,500,500,0,0,0,False,0.0,-65.9,0.0,0.0,0.0,ROTATION_INVALID
C042,C035,500,500,0,0,0,False,0.0,-61.7,0.0,0.0,0.0,ROTATION_INVALID
C042,C036,500,500,1,1,0,False,0.0,-54.5,0.0,0.0,0.0,ROTATION_INVALID
C042,C037,500,500,5,5,0,False,0.0,-45.9,0.0,0.0,0.0,ROTATION_INVALID
C042,C038,500,500,7,7,7,True,0.6930693069306931,-37.4,16.43,271.28,53.83,ROTATION_INVALID
C042,C039,500,500,11,11,11,True,0.9734513274336283,-27.5,18.22,121.09,45.72,ROTATION_INVALID
C042,C040,500,500,19,19,17,True,1.2408759124087592,-17.3,16.55,155.59,33.85,ROTATION_INVALID
C042,C041,500,500,66,66,63,True,2.2661870503597124,-8.3,6.17,30.4,14.47,ROTATION_SUSPICIOUS
C042,C042,500,500,500,500,500,True,3.0,0.0,0.0,0.0,0.0,ROTATION_CONSISTENT
C042,C043,500,500,49,49,46,True,2.026431718061674,9.5,-7.08,40.35,16.58,ROTATION_SUSPICIOUS
C043,C001,500,500,0,0,0,False,0.0,9.6,0.0,0.0,0.0,ROTATION_INVALID
C043,C002,500,500,0,0,0,False,0.0,13.8,0.0,0.0,0.0,ROTATION_INVALID
C043,C003,500,500,0,0,0,False,0.0,18.1,0.0,0.0,0.0,ROTATION_INVALID
C043,C004,500,500,0,0,0,False,0.0,29.5,0.0,0.0,0.0,ROTATION_INVALID
C043,C005,500,500,0,0,0,False,0.0,34.4,0.0,0.0,0.0,ROTATION_INVALID
C043,C006,500,500,0,0,0,False,0.0,42.0,0.0,0.0,0.0,ROTATION_INVALID
C043,C007,500,500,0,0,0,False,0.0,52.0,0.0,0.0,0.0,ROTATION_INVALID
C043,C008,500,500,0,0,0,False,0.0,60.2,0.0,0.0,0.0,ROTATION_INVALID
C043,C009,500,500,0,0,0,False,0.0,66.9,0.0,0.0,0.0,ROTATION_INVALID
C043,C010,500,500,0,0,0,False,0.0,75.5,0.0,0.0,0.0,ROTATION_INVALID
C043,C011,500,500,0,0,0,False,0.0,81.4,0.0,0.0,0.0,ROTATION_INVALID
C043,C012,500,500,0,0,0,False,0.0,85.7,0.0,0.0,0.0,ROTATION_INVALID
C043,C013,500,500,0,0,0,False,0.0,91.7,0.0,0.0,0.0,ROTATION_INVALID
C043,C014,500,500,0,0,0,False,0.0,102.3,0.0,0.0,0.0,ROTATION_INVALID
C043,C015,500,500,0,0,0,False,0.0,115.7,0.0,0.0,0.0,ROTATION_INVALID
C043,C016,500,500,0,0,0,False,0.0,121.0,0.0,0.0,0.0,ROTATION_INVALID
C043,C017,500,500,0,0,0,False,0.0,126.9,0.0,0.0,0.0,ROTATION_INVALID
C043,C018,500,500,0,0,0,False,0.0,137.3,0.0,0.0,0.0,ROTATION_INVALID
C043,C019,500,500,0,0,0,False,0.0,143.9,0.0,0.0,0.0,ROTATION_INVALID
C043,C020,500,500,0,0,0,False,0.0,152.6,0.0,0.0,0.0,ROTATION_INVALID
C043,C021,500,500,0,0,0,False,0.0,163.8,0.0,0.0,0.0,ROTATION_INVALID
C043,C022,500,500,0,0,0,False,0.0,178.4,0.0,0.0,0.0,ROTATION_INVALID
C043,C023,500,500,0,0,0,False,0.0,-165.9,0.0,0.0,0.0,ROTATION_INVALID
C043,C024,500,500,0,0,0,False,0.0,-161.0,0.0,0.0,0.0,ROTATION_INVALID
C043,C025,500,500,0,0,0,False,0.0,-155.6,0.0,0.0,0.0,ROTATION_INVALID
C043,C026,500,500,0,0,0,False,0.0,-150.8,0.0,0.0,0.0,ROTATION_INVALID
C043,C027,500,500,0,0,0,False,0.0,-138.9,0.0,0.0,0.0,ROTATION_INVALID
C043,C028,500,500,0,0,0,False,0.0,-129.3,0.0,0.0,0.0,ROTATION_INVALID
C043,C029,500,500,0,0,0,False,0.0,-119.7,0.0,0.0,0.0,ROTATION_INVALID
C043,C030,500,500,0,0,0,False,0.0,-111.6,0.0,0.0,0.0,ROTATION_INVALID
C043,C031,500,500,0,0,0,False,0.0,-96.1,0.0,0.0,0.0,ROTATION_INVALID
C043,C032,500,500,0,0,0,False,0.0,-86.2,0.0,0.0,0.0,ROTATION_INVALID
C043,C033,500,500,0,0,0,False,0.0,-79.6,0.0,0.0,0.0,ROTATION_INVALID
C043,C034,500,500,0,0,0,False,0.0,-75.4,0.0,0.0,0.0,ROTATION_INVALID
C043,C035,500,500,0,0,0,False,0.0,-71.2,0.0,0.0,0.0,ROTATION_INVALID
C043,C036,500,500,0,0,0,False,0.0,-64.0,0.0,0.0,0.0,ROTATION_INVALID
C043,C037,500,500,0,0,0,False,0.0,-55.4,0.0,0.0,0.0,ROTATION_INVALID
C043,C038,500,500,0,0,0,False,0.0,-46.9,0.0,0.0,0.0,ROTATION_INVALID
C043,C039,500,500,3,3,0,False,0.0,-37.0,0.0,0.0,0.0,ROTATION_INVALID
C043,C040,500,500,5,5,0,False,0.0,-26.8,0.0,0.0,0.0,ROTATION_INVALID
C043,C041,500,500,20,20,18,True,1.2857142857142858,-17.8,12.79,56.7,30.59,ROTATION_INVALID
C043,C042,500,500,49,49,46,True,2.026431718061674,-9.5,7.31,46.48,16.81,ROTATION_SUSPICIOUS
C043,C043,500,500,500,500,500,True,3.0,0.0,0.0,0.0,0.0,ROTATION_CONSISTENT
